order_id,customer_id,product_id,quantity, price ,order_date
4,175,2,2,749.99,1/3/2016
18,541,2,2,749.99,1/14/2016
26,1280,2,1,749.99,1/18/2016
59,563,2,1,749.99,2/5/2016
66,1253,2,1,749.99,2/9/2016
93,1328,2,1,749.99,2/26/2016
97,204,2,1,749.99,2/28/2016
98,1194,2,1,749.99,2/28/2016
114,1431,2,1,749.99,3/8/2016
121,755,2,2,749.99,3/14/2016
132,46,2,2,749.99,3/20/2016
134,679,2,2,749.99,3/20/2016
135,1354,2,1,749.99,3/21/2016
146,288,2,1,749.99,3/28/2016
165,574,2,1,749.99,4/8/2016
175,951,2,2,749.99,4/13/2016
176,643,2,2,749.99,4/15/2016
192,728,2,1,749.99,4/27/2016
197,127,2,2,749.99,4/30/2016
211,1140,2,2,749.99,5/7/2016
218,1179,2,2,749.99,5/12/2016
222,51,2,2,749.99,5/13/2016
226,501,2,1,749.99,5/17/2016
228,615,2,2,749.99,5/17/2016
236,206,2,2,749.99,5/25/2016
255,801,2,2,749.99,6/3/2016
259,413,2,2,749.99,6/6/2016
262,579,2,1,749.99,6/8/2016
263,1322,2,2,749.99,6/9/2016
272,497,2,2,749.99,6/15/2016
285,319,2,1,749.99,6/25/2016
287,133,2,1,749.99,6/25/2016
290,202,2,2,749.99,6/28/2016
302,1375,2,2,749.99,7/6/2016
316,670,2,2,749.99,7/17/2016
320,1428,2,1,749.99,7/19/2016
324,480,2,2,749.99,7/20/2016
335,1193,2,2,749.99,7/25/2016
353,1387,2,2,749.99,8/3/2016
362,187,2,1,749.99,8/9/2016
375,536,2,2,749.99,8/17/2016
376,825,2,2,749.99,8/17/2016
388,1080,2,1,749.99,8/21/2016
389,53,2,1,749.99,8/22/2016
408,1071,2,2,749.99,9/1/2016
411,261,2,1,749.99,9/2/2016
423,1397,2,1,749.99,9/6/2016
429,153,2,1,749.99,9/10/2016
449,492,2,1,749.99,9/21/2016
457,1349,2,1,749.99,9/24/2016
458,197,2,1,749.99,9/25/2016
504,1381,2,2,749.99,10/14/2016
508,1359,2,2,749.99,10/15/2016
524,569,2,1,749.99,10/25/2016
530,773,2,2,749.99,10/28/2016
534,1406,2,1,749.99,10/29/2016
536,759,2,1,749.99,10/31/2016
538,341,2,2,749.99,11/2/2016
552,1282,2,1,749.99,11/12/2016
573,423,2,1,749.99,11/24/2016
590,990,2,2,749.99,12/6/2016
591,1211,2,2,749.99,12/6/2016
653,1249,2,2,749.99,1/14/2017
683,741,2,2,749.99,1/29/2017
777,496,2,1,749.99,3/13/2017
792,479,2,1,749.99,3/22/2017
835,940,2,1,749.99,4/13/2017
879,214,2,2,749.99,5/8/2017
912,519,2,2,749.99,5/27/2017
915,215,2,1,749.99,5/28/2017
1008,1345,2,1,749.99,7/16/2017
1092,40,2,2,749.99,8/25/2017
1124,275,2,2,749.99,9/13/2017
1296,231,2,2,749.99,12/14/2017
1345,1037,2,2,749.99,1/14/2018
1378,983,2,2,749.99,2/2/2018
1499,120,2,1,749.99,4/6/2018
3,523,3,1,999.99,1/2/2016
6,94,3,2,999.99,1/4/2016
7,324,3,1,999.99,1/4/2016
24,636,3,2,999.99,1/18/2016
36,1321,3,2,999.99,1/23/2016
39,1296,3,2,999.99,1/25/2016
50,872,3,1,999.99,1/31/2016
54,535,3,1,999.99,2/4/2016
63,1075,3,1,999.99,2/7/2016
70,50,3,2,999.99,2/11/2016
73,612,3,2,999.99,2/12/2016
75,587,3,1,999.99,2/14/2016
83,393,3,2,999.99,2/19/2016
90,414,3,1,999.99,2/23/2016
103,991,3,1,999.99,3/3/2016
105,306,3,1,999.99,3/3/2016
118,577,3,2,999.99,3/12/2016
128,86,3,2,999.99,3/18/2016
136,1192,3,2,999.99,3/21/2016
139,710,3,1,999.99,3/23/2016
140,1264,3,1,999.99,3/23/2016
146,288,3,2,999.99,3/28/2016
150,332,3,1,999.99,3/29/2016
162,31,3,2,999.99,4/6/2016
178,756,3,1,999.99,4/16/2016
190,98,3,2,999.99,4/23/2016
191,919,3,1,999.99,4/27/2016
196,1247,3,2,999.99,4/28/2016
203,1102,3,2,999.99,5/3/2016
208,815,3,1,999.99,5/6/2016
220,1358,3,2,999.99,5/12/2016
227,489,3,2,999.99,5/17/2016
236,206,3,2,999.99,5/25/2016
242,1168,3,1,999.99,5/27/2016
247,928,3,1,999.99,5/30/2016
254,510,3,1,999.99,6/3/2016
263,1322,3,1,999.99,6/9/2016
264,5,3,2,999.99,6/10/2016
269,764,3,1,999.99,6/12/2016
276,1227,3,2,999.99,6/18/2016
282,159,3,2,999.99,6/22/2016
305,705,3,2,999.99,7/7/2016
309,211,3,1,999.99,7/11/2016
333,779,3,1,999.99,7/25/2016
334,1112,3,2,999.99,7/25/2016
350,31,3,1,999.99,8/3/2016
386,1362,3,2,999.99,8/20/2016
392,176,3,2,999.99,8/23/2016
400,1295,3,2,999.99,8/29/2016
405,603,3,2,999.99,8/31/2016
408,1071,3,1,999.99,9/1/2016
415,1265,3,1,999.99,9/3/2016
420,72,3,2,999.99,9/5/2016
421,240,3,2,999.99,9/5/2016
436,791,3,1,999.99,9/16/2016
437,1085,3,1,999.99,9/16/2016
447,808,3,1,999.99,9/20/2016
458,197,3,2,999.99,9/25/2016
524,569,3,2,999.99,10/25/2016
526,1096,3,2,999.99,10/26/2016
549,64,3,1,999.99,11/12/2016
554,104,3,2,999.99,11/13/2016
570,989,3,2,999.99,11/23/2016
572,178,3,1,999.99,11/24/2016
577,445,3,2,999.99,11/27/2016
593,50,3,2,999.99,12/7/2016
595,538,3,1,999.99,12/8/2016
610,711,3,1,999.99,12/13/2016
650,729,3,1,999.99,1/11/2017
667,858,3,1,999.99,1/22/2017
702,1352,3,2,999.99,2/8/2017
722,1399,3,1,999.99,2/18/2017
734,939,3,1,999.99,2/26/2017
739,49,3,1,999.99,2/28/2017
754,646,3,1,999.99,3/6/2017
807,1148,3,2,999.99,3/30/2017
927,1438,3,1,999.99,6/3/2017
1037,1229,3,1,999.99,7/31/2017
1048,777,3,2,999.99,8/8/2017
1049,194,3,1,999.99,8/9/2017
1056,325,3,1,999.99,8/12/2017
1095,1382,3,2,999.99,8/26/2017
1175,292,3,1,999.99,10/9/2017
1289,1292,3,1,999.99,12/8/2017
1324,862,3,1,999.99,1/1/2018
1344,916,3,1,999.99,1/13/2018
1,259,4,1,2899.99,1/1/2016
12,91,4,2,2899.99,1/6/2016
23,1149,4,2,2899.99,1/16/2016
30,1348,4,1,2899.99,1/20/2016
45,1220,4,2,2899.99,1/28/2016
48,1012,4,1,2899.99,1/30/2016
60,151,4,1,2899.99,2/6/2016
85,1174,4,2,2899.99,2/20/2016
94,929,4,1,2899.99,2/27/2016
118,577,4,1,2899.99,3/12/2016
121,755,4,2,2899.99,3/14/2016
124,403,4,1,2899.99,3/16/2016
127,484,4,2,2899.99,3/17/2016
128,86,4,2,2899.99,3/18/2016
131,316,4,2,2899.99,3/19/2016
157,43,4,1,2899.99,4/3/2016
164,610,4,2,2899.99,4/7/2016
165,574,4,2,2899.99,4/8/2016
184,134,4,1,2899.99,4/19/2016
186,1127,4,1,2899.99,4/21/2016
195,727,4,2,2899.99,4/28/2016
197,127,4,2,2899.99,4/30/2016
199,760,4,1,2899.99,5/1/2016
208,815,4,2,2899.99,5/6/2016
228,615,4,1,2899.99,5/17/2016
236,206,4,2,2899.99,5/25/2016
239,13,4,2,2899.99,5/27/2016
252,66,4,1,2899.99,6/1/2016
258,107,4,1,2899.99,6/6/2016
259,413,4,1,2899.99,6/6/2016
288,780,4,1,2899.99,6/25/2016
292,360,4,1,2899.99,6/29/2016
297,1425,4,2,2899.99,7/4/2016
313,565,4,1,2899.99,7/14/2016
321,568,4,2,2899.99,7/19/2016
327,83,4,1,2899.99,7/21/2016
336,1030,4,1,2899.99,7/26/2016
337,1252,4,1,2899.99,7/26/2016
351,1307,4,2,2899.99,8/3/2016
356,1189,4,1,2899.99,8/4/2016
366,1054,4,1,2899.99,8/13/2016
370,758,4,2,2899.99,8/15/2016
375,536,4,2,2899.99,8/17/2016
384,410,4,1,2899.99,8/20/2016
406,1380,4,1,2899.99,8/31/2016
414,917,4,2,2899.99,9/3/2016
421,240,4,1,2899.99,9/5/2016
429,153,4,2,2899.99,9/10/2016
430,272,4,2,2899.99,9/11/2016
433,1062,4,1,2899.99,9/12/2016
438,314,4,1,2899.99,9/16/2016
440,882,4,2,2899.99,9/17/2016
447,808,4,2,2899.99,9/20/2016
453,1028,4,1,2899.99,9/22/2016
460,691,4,1,2899.99,9/25/2016
461,853,4,1,2899.99,9/26/2016
469,1089,4,1,2899.99,9/29/2016
476,559,4,2,2899.99,10/1/2016
480,686,4,1,2899.99,10/4/2016
509,235,4,2,2899.99,10/16/2016
522,724,4,2,2899.99,10/23/2016
527,506,4,1,2899.99,10/27/2016
530,773,4,1,2899.99,10/28/2016
533,1334,4,1,2899.99,10/29/2016
550,892,4,1,2899.99,11/12/2016
554,104,4,2,2899.99,11/13/2016
556,61,4,2,2899.99,11/13/2016
564,1058,4,1,2899.99,11/20/2016
571,5,4,1,2899.99,11/24/2016
575,33,4,2,2899.99,11/27/2016
595,538,4,1,2899.99,12/8/2016
598,40,4,2,2899.99,12/9/2016
600,624,4,1,2899.99,12/9/2016
603,1032,4,1,2899.99,12/9/2016
608,1103,4,2,2899.99,12/12/2016
634,27,4,2,2899.99,12/29/2016
635,520,4,1,2899.99,12/30/2016
646,975,4,1,2899.99,1/9/2017
671,922,4,1,2899.99,1/25/2017
703,417,4,2,2899.99,2/8/2017
712,173,4,2,2899.99,2/13/2017
716,672,4,2,2899.99,2/15/2017
732,147,4,2,2899.99,2/26/2017
918,242,4,2,2899.99,5/30/2017
938,129,4,1,2899.99,6/11/2017
954,611,4,2,2899.99,6/17/2017
963,1432,4,1,2899.99,6/19/2017
973,238,4,2,2899.99,6/24/2017
1133,517,4,2,2899.99,9/19/2017
1187,486,4,1,2899.99,10/15/2017
1232,665,4,2,2899.99,11/6/2017
1257,1136,4,1,2899.99,11/19/2017
1269,1236,4,2,2899.99,11/26/2017
1277,227,4,1,2899.99,12/1/2017
1284,128,4,2,2899.99,12/4/2017
1362,310,4,2,2899.99,1/23/2018
1558,63,4,1,2899.99,4/19/2018
17,1175,5,1,1320.99,1/12/2016
27,57,5,1,1320.99,1/19/2016
28,252,5,1,1320.99,1/19/2016
35,813,5,1,1320.99,1/22/2016
36,1321,5,1,1320.99,1/23/2016
41,979,5,1,1320.99,1/27/2016
48,1012,5,2,1320.99,1/30/2016
61,277,5,2,1320.99,2/6/2016
67,526,5,2,1320.99,2/9/2016
69,1413,5,1,1320.99,2/10/2016
76,9,5,1,1320.99,2/16/2016
89,668,5,1,1320.99,2/21/2016
112,469,5,1,1320.99,3/8/2016
113,1078,5,2,1320.99,3/8/2016
121,755,5,1,1320.99,3/14/2016
130,1049,5,2,1320.99,3/19/2016
135,1354,5,2,1320.99,3/21/2016
169,99,5,1,1320.99,4/10/2016
175,951,5,1,1320.99,4/13/2016
184,134,5,1,1320.99,4/19/2016
187,183,5,1,1320.99,4/22/2016
195,727,5,2,1320.99,4/28/2016
207,105,5,1,1320.99,5/5/2016
219,1338,5,1,1320.99,5/12/2016
223,1368,5,1,1320.99,5/15/2016
229,742,5,2,1320.99,5/19/2016
231,1257,5,2,1320.99,5/19/2016
240,65,5,1,1320.99,5/27/2016
255,801,5,2,1320.99,6/3/2016
269,764,5,1,1320.99,6/12/2016
287,133,5,1,1320.99,6/25/2016
290,202,5,2,1320.99,6/28/2016
310,627,5,2,1320.99,7/12/2016
311,1400,5,2,1320.99,7/12/2016
314,1019,5,1,1320.99,7/15/2016
343,961,5,2,1320.99,7/31/2016
348,907,5,2,1320.99,8/2/2016
368,995,5,1,1320.99,8/14/2016
372,132,5,1,1320.99,8/16/2016
389,53,5,1,1320.99,8/22/2016
391,61,5,2,1320.99,8/23/2016
396,542,5,1,1320.99,8/27/2016
402,1335,5,1,1320.99,8/30/2016
407,77,5,1,1320.99,9/1/2016
415,1265,5,1,1320.99,9/3/2016
428,1039,5,2,1320.99,9/9/2016
429,153,5,2,1320.99,9/10/2016
443,1371,5,1,1320.99,9/18/2016
450,575,5,1,1320.99,9/21/2016
466,1440,5,1,1320.99,9/28/2016
515,986,5,1,1320.99,10/19/2016
516,111,5,2,1320.99,10/21/2016
518,1374,5,2,1320.99,10/22/2016
521,664,5,1,1320.99,10/23/2016
523,1056,5,2,1320.99,10/24/2016
547,20,5,1,1320.99,11/9/2016
561,90,5,1,1320.99,11/19/2016
567,1430,5,1,1320.99,11/22/2016
568,1275,5,1,1320.99,11/23/2016
590,990,5,2,1320.99,12/6/2016
596,952,5,1,1320.99,12/8/2016
602,823,5,2,1320.99,12/9/2016
609,896,5,1,1320.99,12/12/2016
620,466,5,2,1320.99,12/22/2016
629,973,5,2,1320.99,12/26/2016
630,1404,5,1,1320.99,12/26/2016
633,1040,5,2,1320.99,12/28/2016
664,681,5,1,1320.99,1/20/2017
673,64,5,1,1320.99,1/26/2017
687,530,5,2,1320.99,2/2/2017
691,1081,5,2,1320.99,2/4/2017
693,1233,5,2,1320.99,2/5/2017
697,562,5,2,1320.99,2/6/2017
711,1246,5,2,1320.99,2/13/2017
777,496,5,1,1320.99,3/13/2017
799,607,5,2,1320.99,3/27/2017
850,1346,5,2,1320.99,4/19/2017
858,162,5,1,1320.99,4/25/2017
875,386,5,2,1320.99,5/5/2017
880,1206,5,1,1320.99,5/8/2017
883,507,5,2,1320.99,5/11/2017
909,188,5,1,1320.99,5/26/2017
939,1407,5,1,1320.99,6/11/2017
985,461,5,2,1320.99,6/30/2017
989,1145,5,1,1320.99,7/2/2017
1022,353,5,1,1320.99,7/23/2017
1062,1210,5,1,1320.99,8/15/2017
1086,220,5,1,1320.99,8/21/2017
1112,798,5,2,1320.99,9/5/2017
1295,37,5,2,1320.99,12/11/2017
1376,1186,5,1,1320.99,2/1/2018
14,258,6,1,469.99,1/9/2016
28,252,6,1,469.99,1/19/2016
29,437,6,1,469.99,1/20/2016
47,1234,6,1,469.99,1/29/2016
74,264,6,1,469.99,2/13/2016
79,529,6,1,469.99,2/17/2016
89,668,6,2,469.99,2/21/2016
90,414,6,1,469.99,2/23/2016
97,204,6,2,469.99,2/28/2016
109,1255,6,1,469.99,3/6/2016
113,1078,6,1,469.99,3/8/2016
118,577,6,1,469.99,3/12/2016
120,327,6,2,469.99,3/14/2016
138,438,6,1,469.99,3/23/2016
143,693,6,1,469.99,3/26/2016
146,288,6,2,469.99,3/28/2016
152,76,6,2,469.99,3/29/2016
156,357,6,1,469.99,4/3/2016
168,1147,6,1,469.99,4/9/2016
186,1127,6,1,469.99,4/21/2016
196,1247,6,1,469.99,4/28/2016
198,640,6,2,469.99,5/1/2016
204,591,6,2,469.99,5/4/2016
208,815,6,2,469.99,5/6/2016
220,1358,6,2,469.99,5/12/2016
224,157,6,1,469.99,5/17/2016
235,649,6,1,469.99,5/24/2016
254,510,6,2,469.99,6/3/2016
259,413,6,2,469.99,6/6/2016
266,933,6,2,469.99,6/10/2016
268,540,6,2,469.99,6/11/2016
271,350,6,2,469.99,6/13/2016
277,546,6,2,469.99,6/19/2016
291,158,6,2,469.99,6/29/2016
293,573,6,1,469.99,6/30/2016
298,885,6,2,469.99,7/4/2016
301,17,6,1,469.99,7/6/2016
305,705,6,1,469.99,7/7/2016
325,848,6,2,469.99,7/20/2016
328,528,6,2,469.99,7/23/2016
335,1193,6,1,469.99,7/25/2016
338,1333,6,2,469.99,7/28/2016
350,31,6,2,469.99,8/3/2016
358,1042,6,2,469.99,8/5/2016
361,994,6,2,469.99,8/8/2016
393,368,6,2,469.99,8/25/2016
402,1335,6,2,469.99,8/30/2016
415,1265,6,2,469.99,9/3/2016
417,359,6,2,469.99,9/4/2016
421,240,6,2,469.99,9/5/2016
424,67,6,1,469.99,9/8/2016
425,843,6,1,469.99,9/8/2016
429,153,6,1,469.99,9/10/2016
431,1217,6,1,469.99,9/11/2016
433,1062,6,1,469.99,9/12/2016
439,149,6,2,469.99,9/17/2016
442,667,6,2,469.99,9/18/2016
448,101,6,2,469.99,9/21/2016
465,1198,6,2,469.99,9/28/2016
466,1440,6,1,469.99,9/28/2016
477,449,6,1,469.99,10/2/2016
484,421,6,1,469.99,10/6/2016
487,827,6,1,469.99,10/6/2016
492,191,6,1,469.99,10/9/2016
515,986,6,2,469.99,10/19/2016
519,54,6,1,469.99,10/22/2016
525,1315,6,2,469.99,10/26/2016
530,773,6,2,469.99,10/28/2016
531,116,6,1,469.99,10/28/2016
545,1108,6,1,469.99,11/8/2016
559,959,6,1,469.99,11/16/2016
563,365,6,2,469.99,11/20/2016
579,160,6,1,469.99,11/27/2016
606,18,6,2,469.99,12/11/2016
615,560,6,2,469.99,12/19/2016
629,973,6,2,469.99,12/26/2016
632,163,6,1,469.99,12/27/2016
645,1199,6,1,469.99,1/8/2017
653,1249,6,1,469.99,1/14/2017
681,499,6,2,469.99,1/29/2017
708,660,6,1,469.99,2/10/2017
720,382,6,1,469.99,2/16/2017
769,946,6,2,469.99,3/9/2017
796,154,6,2,469.99,3/23/2017
800,1057,6,2,469.99,3/27/2017
805,420,6,2,469.99,3/29/2017
807,1148,6,1,469.99,3/30/2017
821,1181,6,1,469.99,4/5/2017
853,883,6,1,469.99,4/21/2017
860,473,6,1,469.99,4/27/2017
878,224,6,2,469.99,5/7/2017
899,605,6,1,469.99,5/20/2017
923,769,6,1,469.99,5/31/2017
935,43,6,1,469.99,6/10/2017
990,706,6,2,469.99,7/4/2017
1015,799,6,2,469.99,7/19/2017
1067,225,6,2,469.99,8/17/2017
1124,275,6,1,469.99,9/13/2017
1153,720,6,2,469.99,9/30/2017
1155,865,6,2,469.99,9/30/2017
1174,1109,6,1,469.99,10/8/2017
1183,216,6,2,469.99,10/14/2017
1203,1191,6,2,469.99,10/25/2017
1210,730,6,2,469.99,10/26/2017
1225,768,6,2,469.99,11/4/2017
1232,665,6,2,469.99,11/6/2017
1250,1188,6,2,469.99,11/17/2017
1285,262,6,1,469.99,12/4/2017
1441,982,6,1,469.99,3/15/2018
1539,116,6,2,469.99,4/15/2018
9,60,7,2,3999.99,1/5/2016
18,541,7,1,3999.99,1/14/2016
26,1280,7,1,3999.99,1/18/2016
28,252,7,2,3999.99,1/19/2016
30,1348,7,2,3999.99,1/20/2016
33,236,7,1,3999.99,1/21/2016
38,583,7,2,3999.99,1/25/2016
44,861,7,1,3999.99,1/28/2016
75,587,7,2,3999.99,2/14/2016
88,1069,7,1,3999.99,2/21/2016
99,1165,7,2,3999.99,2/29/2016
100,1237,7,2,3999.99,3/1/2016
124,403,7,2,3999.99,3/16/2016
136,1192,7,2,3999.99,3/21/2016
150,332,7,1,3999.99,3/29/2016
157,43,7,2,3999.99,4/3/2016
161,251,7,2,3999.99,4/4/2016
167,1034,7,2,3999.99,4/8/2016
170,1200,7,1,3999.99,4/10/2016
188,390,7,2,3999.99,4/22/2016
201,280,7,1,3999.99,5/1/2016
207,105,7,2,3999.99,5/5/2016
212,1373,7,1,3999.99,5/8/2016
223,1368,7,2,3999.99,5/15/2016
234,1435,7,1,3999.99,5/22/2016
235,649,7,2,3999.99,5/24/2016
238,1350,7,1,3999.99,5/26/2016
241,1082,7,1,3999.99,5/27/2016
243,802,7,2,3999.99,5/27/2016
249,145,7,2,3999.99,6/1/2016
267,282,7,2,3999.99,6/11/2016
268,540,7,1,3999.99,6/11/2016
271,350,7,2,3999.99,6/13/2016
275,1341,7,2,3999.99,6/17/2016
281,800,7,2,3999.99,6/21/2016
282,159,7,2,3999.99,6/22/2016
286,59,7,1,3999.99,6/25/2016
288,780,7,2,3999.99,6/25/2016
294,732,7,2,3999.99,7/1/2016
304,230,7,2,3999.99,7/7/2016
308,156,7,1,3999.99,7/11/2016
310,627,7,2,3999.99,7/12/2016
314,1019,7,2,3999.99,7/15/2016
325,848,7,1,3999.99,7/20/2016
359,441,7,2,3999.99,8/7/2016
360,1300,7,2,3999.99,8/7/2016
374,1313,7,1,3999.99,8/17/2016
385,1274,7,2,3999.99,8/20/2016
390,576,7,2,3999.99,8/22/2016
397,1437,7,1,3999.99,8/28/2016
403,578,7,2,3999.99,8/31/2016
412,1202,7,1,3999.99,9/2/2016
432,169,7,2,3999.99,9/12/2016
439,149,7,2,3999.99,9/17/2016
445,362,7,1,3999.99,9/19/2016
449,492,7,2,3999.99,9/21/2016
452,997,7,2,3999.99,9/22/2016
457,1349,7,2,3999.99,9/24/2016
464,74,7,1,3999.99,9/28/2016
466,1440,7,2,3999.99,9/28/2016
479,984,7,1,3999.99,10/3/2016
506,831,7,1,3999.99,10/14/2016
513,155,7,1,3999.99,10/19/2016
516,111,7,1,3999.99,10/21/2016
519,54,7,1,3999.99,10/22/2016
549,64,7,1,3999.99,11/12/2016
555,212,7,1,3999.99,11/13/2016
558,1443,7,1,3999.99,11/15/2016
559,959,7,2,3999.99,11/16/2016
566,298,7,2,3999.99,11/22/2016
579,160,7,2,3999.99,11/27/2016
608,1103,7,2,3999.99,12/12/2016
609,896,7,1,3999.99,12/12/2016
677,809,7,2,3999.99,1/28/2017
680,245,7,1,3999.99,1/29/2017
696,1242,7,1,3999.99,2/5/2017
700,4,7,2,3999.99,2/7/2017
753,1201,7,2,3999.99,3/5/2017
754,646,7,1,3999.99,3/6/2017
777,496,7,2,3999.99,3/13/2017
781,1018,7,2,3999.99,3/15/2017
869,844,7,1,3999.99,5/1/2017
919,781,7,1,3999.99,5/30/2017
946,525,7,1,3999.99,6/14/2017
992,723,7,1,3999.99,7/7/2017
1026,1370,7,2,3999.99,7/26/2017
1052,460,7,1,3999.99,8/10/2017
1059,6,7,1,3999.99,8/14/2017
1060,182,7,1,3999.99,8/15/2017
1124,275,7,2,3999.99,9/13/2017
1139,1006,7,1,3999.99,9/21/2017
1194,192,7,2,3999.99,10/19/2017
1214,783,7,1,3999.99,10/28/2017
1235,210,7,1,3999.99,11/7/2017
1251,289,7,1,3999.99,11/17/2017
1269,1236,7,1,3999.99,11/26/2017
1283,85,7,1,3999.99,12/4/2017
1370,115,7,1,3999.99,1/28/2018
1397,920,7,1,3999.99,2/15/2018
1460,1131,7,2,3999.99,3/21/2018
1601,43,7,2,3999.99,4/29/2018
1,259,8,2,1799.99,1/1/2016
11,1326,8,1,1799.99,1/5/2016
15,450,8,1,1799.99,1/9/2016
16,552,8,1,1799.99,1/12/2016
17,1175,8,1,1799.99,1/12/2016
27,57,8,1,1799.99,1/19/2016
29,437,8,1,1799.99,1/20/2016
32,1259,8,2,1799.99,1/21/2016
34,80,8,2,1799.99,1/22/2016
40,348,8,2,1799.99,1/27/2016
53,965,8,2,1799.99,2/3/2016
62,208,8,2,1799.99,2/7/2016
88,1069,8,2,1799.99,2/21/2016
92,1309,8,1,1799.99,2/25/2016
95,218,8,2,1799.99,2/27/2016
144,1124,8,2,1799.99,3/26/2016
153,498,8,1,1799.99,3/30/2016
155,371,8,1,1799.99,4/2/2016
171,237,8,1,1799.99,4/11/2016
185,24,8,1,1799.99,4/20/2016
191,919,8,2,1799.99,4/27/2016
192,728,8,2,1799.99,4/27/2016
198,640,8,2,1799.99,5/1/2016
202,600,8,1,1799.99,5/3/2016
229,742,8,1,1799.99,5/19/2016
231,1257,8,2,1799.99,5/19/2016
232,1360,8,2,1799.99,5/20/2016
240,65,8,1,1799.99,5/27/2016
245,223,8,1,1799.99,5/29/2016
257,1314,8,2,1799.99,6/5/2016
258,107,8,2,1799.99,6/6/2016
303,36,8,2,1799.99,7/7/2016
310,627,8,1,1799.99,7/12/2016
329,274,8,2,1799.99,7/24/2016
333,779,8,2,1799.99,7/25/2016
358,1042,8,2,1799.99,8/5/2016
373,337,8,2,1799.99,8/16/2016
377,1355,8,1,1799.99,8/17/2016
382,199,8,1,1799.99,8/20/2016
384,410,8,1,1799.99,8/20/2016
386,1362,8,1,1799.99,8/20/2016
391,61,8,1,1799.99,8/23/2016
398,447,8,2,1799.99,8/29/2016
413,717,8,2,1799.99,9/2/2016
423,1397,8,2,1799.99,9/6/2016
430,272,8,1,1799.99,9/11/2016
437,1085,8,2,1799.99,9/16/2016
438,314,8,2,1799.99,9/16/2016
447,808,8,1,1799.99,9/20/2016
452,997,8,1,1799.99,9/22/2016
461,853,8,2,1799.99,9/26/2016
469,1089,8,2,1799.99,9/29/2016
470,641,8,2,1799.99,9/30/2016
484,421,8,2,1799.99,10/6/2016
489,899,8,2,1799.99,10/6/2016
501,977,8,1,1799.99,10/11/2016
508,1359,8,1,1799.99,10/15/2016
515,986,8,1,1799.99,10/19/2016
526,1096,8,1,1799.99,10/26/2016
546,470,8,1,1799.99,11/9/2016
548,739,8,1,1799.99,11/11/2016
555,212,8,1,1799.99,11/13/2016
566,298,8,1,1799.99,11/22/2016
578,819,8,2,1799.99,11/27/2016
581,688,8,2,1799.99,12/3/2016
584,1209,8,2,1799.99,12/4/2016
590,990,8,2,1799.99,12/6/2016
597,1121,8,1,1799.99,12/8/2016
610,711,8,1,1799.99,12/13/2016
623,678,8,1,1799.99,12/24/2016
688,343,8,1,1799.99,2/2/2017
769,946,8,1,1799.99,3/9/2017
779,367,8,1,1799.99,3/15/2017
971,1426,8,2,1799.99,6/22/2017
1002,1418,8,2,1799.99,7/14/2017
1012,620,8,1,1799.99,7/18/2017
1034,895,8,2,1799.99,7/30/2017
1040,1225,8,2,1799.99,8/4/2017
1141,1076,8,1,1799.99,9/22/2017
1164,1067,8,1,1799.99,10/1/2017
1227,702,8,1,1799.99,11/4/2017
1260,1117,8,1,1799.99,11/22/2017
1284,128,8,1,1799.99,12/4/2017
1301,1088,8,1,1799.99,12/16/2017
1371,937,8,2,1799.99,1/29/2018
6,94,9,2,2999.99,1/4/2016
18,541,9,2,2999.99,1/14/2016
19,696,9,2,2999.99,1/14/2016
20,923,9,1,2999.99,1/14/2016
31,1238,9,2,2999.99,1/20/2016
36,1321,9,1,2999.99,1/23/2016
79,529,9,2,2999.99,2/17/2016
86,276,9,2,2999.99,2/21/2016
103,991,9,2,2999.99,3/3/2016
105,306,9,1,2999.99,3/3/2016
126,1365,9,2,2999.99,3/16/2016
129,84,9,1,2999.99,3/19/2016
132,46,9,1,2999.99,3/20/2016
145,366,9,2,2999.99,3/27/2016
225,307,9,1,2999.99,5/17/2016
240,65,9,1,2999.99,5/27/2016
248,1376,9,1,2999.99,5/30/2016
262,579,9,2,2999.99,6/8/2016
263,1322,9,1,2999.99,6/9/2016
265,682,9,2,2999.99,6/10/2016
268,540,9,1,2999.99,6/11/2016
274,411,9,2,2999.99,6/17/2016
276,1227,9,2,2999.99,6/18/2016
283,181,9,1,2999.99,6/23/2016
296,1245,9,1,2999.99,7/4/2016
298,885,9,1,2999.99,7/4/2016
300,1205,9,2,2999.99,7/5/2016
314,1019,9,1,2999.99,7/15/2016
315,1263,9,1,2999.99,7/16/2016
318,1141,9,1,2999.99,7/17/2016
334,1112,9,1,2999.99,7/25/2016
338,1333,9,1,2999.99,7/28/2016
342,806,9,1,2999.99,7/31/2016
357,14,9,1,2999.99,8/5/2016
359,441,9,2,2999.99,8/7/2016
379,954,9,1,2999.99,8/18/2016
382,199,9,1,2999.99,8/20/2016
389,53,9,1,2999.99,8/22/2016
390,576,9,1,2999.99,8/22/2016
400,1295,9,1,2999.99,8/29/2016
404,396,9,1,2999.99,8/31/2016
410,1151,9,2,2999.99,9/1/2016
413,717,9,1,2999.99,9/2/2016
419,14,9,1,2999.99,9/4/2016
434,726,9,1,2999.99,9/13/2016
435,77,9,1,2999.99,9/14/2016
455,1055,9,1,2999.99,9/23/2016
468,1261,9,2,2999.99,9/29/2016
481,481,9,2,2999.99,10/4/2016
484,421,9,2,2999.99,10/6/2016
486,709,9,1,2999.99,10/6/2016
491,1048,9,2,2999.99,10/8/2016
495,712,9,1,2999.99,10/10/2016
524,569,9,1,2999.99,10/25/2016
525,1315,9,2,2999.99,10/26/2016
527,506,9,2,2999.99,10/27/2016
534,1406,9,2,2999.99,10/29/2016
539,1144,9,2,2999.99,11/2/2016
542,313,9,1,2999.99,11/4/2016
547,20,9,1,2999.99,11/9/2016
557,1248,9,2,2999.99,11/14/2016
558,1443,9,1,2999.99,11/15/2016
565,894,9,1,2999.99,11/21/2016
567,1430,9,1,2999.99,11/22/2016
571,5,9,1,2999.99,11/24/2016
576,1272,9,1,2999.99,11/27/2016
580,581,9,2,2999.99,11/30/2016
596,952,9,1,2999.99,12/8/2016
599,1,9,2,2999.99,12/9/2016
604,96,9,2,2999.99,12/10/2016
613,1159,9,2,2999.99,12/17/2016
622,1398,9,2,2999.99,12/23/2016
627,1119,9,2,2999.99,12/25/2016
637,512,9,1,2999.99,1/3/2017
644,439,9,1,2999.99,1/8/2017
654,1129,9,1,2999.99,1/14/2017
658,1051,9,1,2999.99,1/17/2017
749,255,9,1,2999.99,3/4/2017
807,1148,9,2,2999.99,3/30/2017
841,428,9,1,2999.99,4/15/2017
892,651,9,2,2999.99,5/15/2017
949,867,9,2,2999.99,6/16/2017
980,328,9,1,2999.99,6/26/2017
991,751,9,2,2999.99,7/6/2017
1038,1281,9,1,2999.99,7/31/2017
1049,194,9,1,2999.99,8/9/2017
1067,225,9,2,2999.99,8/17/2017
1100,1392,9,2,2999.99,8/28/2017
1112,798,9,2,2999.99,9/5/2017
1122,1132,9,2,2999.99,9/12/2017
1160,1262,9,1,2999.99,10/1/2017
1175,292,9,1,2999.99,10/9/2017
1197,269,9,2,2999.99,10/21/2017
1214,783,9,2,2999.99,10/28/2017
1277,227,9,2,2999.99,12/1/2017
1279,1014,9,2,2999.99,12/1/2017
1305,257,9,1,2999.99,12/17/2017
1306,28,9,2,2999.99,12/20/2017
1411,109,9,1,2999.99,3/1/2018
1573,24,9,1,2999.99,4/23/2018
1592,6,9,1,2999.99,4/27/2018
1,259,10,2,1549,1/1/2016
5,1324,10,2,1549,1/3/2016
19,696,10,1,1549,1/14/2016
20,923,10,2,1549,1/14/2016
21,1250,10,1,1549,1/15/2016
25,657,10,2,1549,1/18/2016
34,80,10,2,1549,1/22/2016
38,583,10,2,1549,1/25/2016
69,1413,10,1,1549,2/10/2016
81,521,10,2,1549,2/17/2016
88,1069,10,1,1549,2/21/2016
93,1328,10,2,1549,2/26/2016
95,218,10,2,1549,2/27/2016
120,327,10,2,1549,3/14/2016
164,610,10,2,1549,4/7/2016
166,338,10,2,1549,4/8/2016
167,1034,10,1,1549,4/8/2016
169,99,10,1,1549,4/10/2016
178,756,10,2,1549,4/16/2016
181,459,10,1,1549,4/18/2016
192,728,10,2,1549,4/27/2016
196,1247,10,2,1549,4/28/2016
208,815,10,2,1549,5/6/2016
211,1140,10,1,1549,5/7/2016
217,716,10,2,1549,5/11/2016
222,51,10,1,1549,5/13/2016
224,157,10,2,1549,5/17/2016
245,223,10,2,1549,5/29/2016
257,1314,10,2,1549,6/5/2016
260,632,10,1,1549,6/6/2016
264,5,10,1,1549,6/10/2016
287,133,10,1,1549,6/25/2016
288,780,10,1,1549,6/25/2016
292,360,10,2,1549,6/29/2016
299,281,10,2,1549,7/5/2016
300,1205,10,1,1549,7/5/2016
304,230,10,1,1549,7/7/2016
305,705,10,1,1549,7/7/2016
306,424,10,1,1549,7/9/2016
313,565,10,2,1549,7/14/2016
317,795,10,1,1549,7/17/2016
338,1333,10,1,1549,7/28/2016
340,963,10,2,1549,7/29/2016
343,961,10,1,1549,7/31/2016
367,527,10,2,1549,8/14/2016
368,995,10,2,1549,8/14/2016
369,1285,10,2,1549,8/15/2016
374,1313,10,1,1549,8/17/2016
389,53,10,2,1549,8/22/2016
401,103,10,2,1549,8/30/2016
405,603,10,2,1549,8/31/2016
426,944,10,1,1549,9/8/2016
432,169,10,2,1549,9/12/2016
433,1062,10,1,1549,9/12/2016
437,1085,10,1,1549,9/16/2016
444,30,10,2,1549,9/19/2016
467,555,10,1,1549,9/28/2016
468,1261,10,2,1549,9/29/2016
477,449,10,1,1549,10/2/2016
479,984,10,1,1549,10/3/2016
498,1331,10,1,1549,10/10/2016
503,932,10,1,1549,10/13/2016
508,1359,10,2,1549,10/15/2016
520,639,10,1,1549,10/23/2016
525,1315,10,1,1549,10/26/2016
533,1334,10,1,1549,10/29/2016
537,1353,10,1,1549,10/31/2016
557,1248,10,1,1549,11/14/2016
558,1443,10,2,1549,11/15/2016
568,1275,10,1,1549,11/23/2016
582,32,10,2,1549,12/4/2016
585,1219,10,1,1549,12/4/2016
588,102,10,2,1549,12/6/2016
595,538,10,1,1549,12/8/2016
599,1,10,2,1549,12/9/2016
604,96,10,2,1549,12/10/2016
609,896,10,1,1549,12/12/2016
622,1398,10,1,1549,12/23/2016
633,1040,10,2,1549,12/28/2016
704,1137,10,2,1549,2/8/2017
735,20,10,2,1549,2/27/2017
838,1395,10,1,1549,4/14/2017
884,871,10,1,1549,5/11/2017
896,376,10,1,1549,5/19/2017
968,1403,10,2,1549,6/21/2017
993,1415,10,2,1549,7/9/2017
1028,1273,10,1,1549,7/27/2017
1030,161,10,2,1549,7/29/2017
1049,194,10,2,1549,8/9/2017
1078,793,10,2,1549,8/19/2017
1086,220,10,2,1549,8/21/2017
1128,936,10,1,1549,9/15/2017
1132,351,10,1,1549,9/19/2017
1171,826,10,2,1549,10/5/2017
1215,807,10,2,1549,10/28/2017
1242,303,10,1,1549,11/11/2017
1601,43,10,1,1549,4/29/2018
12,91,11,1,1680.99,1/6/2016
31,1238,11,2,1680.99,1/20/2016
48,1012,11,1,1680.99,1/30/2016
76,9,11,2,1680.99,2/16/2016
82,1223,11,2,1680.99,2/18/2016
91,648,11,1,1680.99,2/25/2016
94,929,11,1,1680.99,2/27/2016
100,1237,11,2,1680.99,3/1/2016
105,306,11,2,1680.99,3/3/2016
108,12,11,1,1680.99,3/6/2016
142,170,11,2,1680.99,3/26/2016
145,366,11,1,1680.99,3/27/2016
160,205,11,1,1680.99,4/4/2016
166,338,11,1,1680.99,4/8/2016
168,1147,11,2,1680.99,4/9/2016
169,99,11,1,1680.99,4/10/2016
176,643,11,2,1680.99,4/15/2016
181,459,11,1,1680.99,4/18/2016
183,22,11,2,1680.99,4/19/2016
207,105,11,2,1680.99,5/5/2016
221,1218,11,2,1680.99,5/13/2016
224,157,11,2,1680.99,5/17/2016
230,1167,11,2,1680.99,5/19/2016
232,1360,11,2,1680.99,5/20/2016
234,1435,11,2,1680.99,5/22/2016
250,150,11,2,1680.99,6/1/2016
252,66,11,2,1680.99,6/1/2016
253,1267,11,2,1680.99,6/2/2016
256,26,11,1,1680.99,6/4/2016
271,350,11,2,1680.99,6/13/2016
272,497,11,1,1680.99,6/15/2016
274,411,11,2,1680.99,6/17/2016
278,1301,11,2,1680.99,6/20/2016
296,1245,11,2,1680.99,7/4/2016
299,281,11,2,1680.99,7/5/2016
300,1205,11,2,1680.99,7/5/2016
315,1263,11,1,1680.99,7/16/2016
319,941,11,1,1680.99,7/18/2016
338,1333,11,2,1680.99,7/28/2016
340,963,11,1,1680.99,7/29/2016
352,16,11,1,1680.99,8/3/2016
361,994,11,1,1680.99,8/8/2016
372,132,11,1,1680.99,8/16/2016
380,1156,11,2,1680.99,8/19/2016
388,1080,11,1,1680.99,8/21/2016
399,1001,11,2,1680.99,8/29/2016
429,153,11,1,1680.99,9/10/2016
430,272,11,1,1680.99,9/11/2016
434,726,11,2,1680.99,9/13/2016
452,997,11,1,1680.99,9/22/2016
458,197,11,1,1680.99,9/25/2016
459,874,11,1,1680.99,9/25/2016
467,555,11,1,1680.99,9/28/2016
474,553,11,1,1680.99,10/1/2016
476,559,11,2,1680.99,10/1/2016
499,260,11,1,1680.99,10/11/2016
507,1378,11,2,1680.99,10/15/2016
518,1374,11,2,1680.99,10/22/2016
524,569,11,1,1680.99,10/25/2016
547,20,11,2,1680.99,11/9/2016
548,739,11,2,1680.99,11/11/2016
551,1169,11,2,1680.99,11/12/2016
570,989,11,1,1680.99,11/23/2016
572,178,11,2,1680.99,11/24/2016
574,833,11,2,1680.99,11/26/2016
586,1306,11,2,1680.99,12/4/2016
605,1208,11,1,1680.99,12/10/2016
607,309,11,2,1680.99,12/11/2016
615,560,11,1,1680.99,12/19/2016
617,118,11,2,1680.99,12/21/2016
618,131,11,1,1680.99,12/21/2016
625,1163,11,2,1680.99,12/25/2016
632,163,11,2,1680.99,12/27/2016
649,1153,11,2,1680.99,1/10/2017
690,1097,11,2,1680.99,2/3/2017
707,79,11,2,1680.99,2/9/2017
740,1113,11,1,1680.99,2/28/2017
770,135,11,2,1680.99,3/9/2017
797,374,11,1,1680.99,3/24/2017
831,1000,11,1,1680.99,4/11/2017
841,428,11,1,1680.99,4/15/2017
941,736,11,2,1680.99,6/12/2017
1007,1115,11,1,1680.99,7/16/2017
1034,895,11,2,1680.99,7/30/2017
1060,182,11,2,1680.99,8/15/2017
1094,828,11,1,1680.99,8/25/2017
1096,589,11,1,1680.99,8/27/2017
1116,52,11,2,1680.99,9/8/2017
1121,143,11,2,1680.99,9/11/2017
1146,757,11,1,1680.99,9/25/2017
1226,226,11,2,1680.99,11/4/2017
1277,227,11,1,1680.99,12/1/2017
1283,85,11,1,1680.99,12/4/2017
1305,257,11,1,1680.99,12/17/2017
1310,444,11,2,1680.99,12/24/2017
1321,217,11,2,1680.99,12/30/2017
1507,85,11,2,1680.99,4/8/2018
6,94,12,2,549.99,1/4/2016
15,450,12,2,549.99,1/9/2016
26,1280,12,1,549.99,1/18/2016
32,1259,12,2,549.99,1/21/2016
43,1434,12,2,549.99,1/27/2016
65,996,12,1,549.99,2/8/2016
66,1253,12,1,549.99,2/9/2016
67,526,12,2,549.99,2/9/2016
72,1386,12,1,549.99,2/12/2016
76,9,12,1,549.99,2/16/2016
94,929,12,1,549.99,2/27/2016
100,1237,12,2,549.99,3/1/2016
101,271,12,2,549.99,3/1/2016
111,630,12,2,549.99,3/7/2016
113,1078,12,2,549.99,3/8/2016
114,1431,12,1,549.99,3/8/2016
123,766,12,2,549.99,3/15/2016
140,1264,12,2,549.99,3/23/2016
146,288,12,1,549.99,3/28/2016
149,763,12,2,549.99,3/28/2016
154,1286,12,1,549.99,3/31/2016
163,1325,12,1,549.99,4/6/2016
167,1034,12,1,549.99,4/8/2016
168,1147,12,2,549.99,4/9/2016
170,1200,12,2,549.99,4/10/2016
178,756,12,1,549.99,4/16/2016
179,616,12,2,549.99,4/17/2016
183,22,12,2,549.99,4/19/2016
191,919,12,2,549.99,4/27/2016
193,1366,12,2,549.99,4/28/2016
196,1247,12,1,549.99,4/28/2016
207,105,12,2,549.99,5/5/2016
208,815,12,1,549.99,5/6/2016
212,1373,12,2,549.99,5/8/2016
215,1420,12,2,549.99,5/10/2016
218,1179,12,1,549.99,5/12/2016
233,737,12,1,549.99,5/21/2016
234,1435,12,1,549.99,5/22/2016
254,510,12,1,549.99,6/3/2016
285,319,12,1,549.99,6/25/2016
296,1245,12,2,549.99,7/4/2016
309,211,12,1,549.99,7/11/2016
321,568,12,2,549.99,7/19/2016
324,480,12,1,549.99,7/20/2016
325,848,12,1,549.99,7/20/2016
326,1337,12,1,549.99,7/20/2016
327,83,12,2,549.99,7/21/2016
336,1030,12,1,549.99,7/26/2016
340,963,12,2,549.99,7/29/2016
371,891,12,1,549.99,8/15/2016
373,337,12,1,549.99,8/16/2016
375,536,12,2,549.99,8/17/2016
396,542,12,1,549.99,8/27/2016
403,578,12,2,549.99,8/31/2016
418,88,12,1,549.99,9/4/2016
427,434,12,2,549.99,9/9/2016
441,704,12,1,549.99,9/18/2016
450,575,12,1,549.99,9/21/2016
462,852,12,2,549.99,9/27/2016
479,984,12,1,549.99,10/3/2016
490,876,12,1,549.99,10/7/2016
500,148,12,2,549.99,10/11/2016
523,1056,12,1,549.99,10/24/2016
529,753,12,2,549.99,10/28/2016
531,116,12,2,549.99,10/28/2016
532,817,12,1,549.99,10/29/2016
533,1334,12,2,549.99,10/29/2016
536,759,12,2,549.99,10/31/2016
544,321,12,1,549.99,11/6/2016
553,913,12,1,549.99,11/12/2016
574,833,12,2,549.99,11/26/2016
575,33,12,1,549.99,11/27/2016
585,1219,12,2,549.99,12/4/2016
601,683,12,2,549.99,12/9/2016
603,1032,12,1,549.99,12/9/2016
613,1159,12,1,549.99,12/17/2016
633,1040,12,2,549.99,12/28/2016
634,27,12,1,549.99,12/29/2016
646,975,12,1,549.99,1/9/2017
698,543,12,1,549.99,2/6/2017
740,1113,12,2,549.99,2/28/2017
752,335,12,2,549.99,3/5/2017
754,646,12,2,549.99,3/6/2017
765,1152,12,1,549.99,3/9/2017
844,1436,12,1,549.99,4/16/2017
889,830,12,2,549.99,5/14/2017
902,1278,12,1,549.99,5/21/2017
971,1426,12,2,549.99,6/22/2017
979,1190,12,2,549.99,6/26/2017
984,1287,12,1,549.99,6/27/2017
988,436,12,2,549.99,7/2/2017
1036,1442,12,1,549.99,7/30/2017
1055,140,12,2,549.99,8/12/2017
1062,1210,12,1,549.99,8/15/2017
1066,106,12,1,549.99,8/17/2017
1100,1392,12,1,549.99,8/28/2017
1159,1221,12,2,549.99,10/1/2017
1162,888,12,2,549.99,10/1/2017
1208,1226,12,1,549.99,10/26/2017
1248,1367,12,1,549.99,11/16/2017
1333,203,12,1,549.99,1/6/2018
1458,1029,12,1,549.99,3/20/2018
1539,116,12,2,549.99,4/15/2018
1553,30,12,1,549.99,4/18/2018
13,873,13,1,269.99,1/8/2016
16,552,13,2,269.99,1/12/2016
23,1149,13,1,269.99,1/16/2016
43,1434,13,2,269.99,1/27/2016
47,1234,13,1,269.99,1/29/2016
49,608,13,2,269.99,1/31/2016
50,872,13,2,269.99,1/31/2016
51,1047,13,1,269.99,2/1/2016
57,1305,13,1,269.99,2/4/2016
68,381,13,2,269.99,2/10/2016
72,1386,13,2,269.99,2/12/2016
91,648,13,2,269.99,2/25/2016
99,1165,13,1,269.99,2/29/2016
106,422,13,2,269.99,3/4/2016
107,633,13,2,269.99,3/6/2016
114,1431,13,2,269.99,3/8/2016
120,327,13,2,269.99,3/14/2016
133,409,13,2,269.99,3/20/2016
159,32,13,1,269.99,4/4/2016
167,1034,13,2,269.99,4/8/2016
179,616,13,2,269.99,4/17/2016
198,640,13,2,269.99,5/1/2016
209,514,13,1,269.99,5/7/2016
210,943,13,2,269.99,5/7/2016
213,788,13,1,269.99,5/8/2016
218,1179,13,1,269.99,5/12/2016
235,649,13,2,269.99,5/24/2016
238,1350,13,2,269.99,5/26/2016
248,1376,13,1,269.99,5/30/2016
257,1314,13,2,269.99,6/5/2016
271,350,13,1,269.99,6/13/2016
277,546,13,2,269.99,6/19/2016
278,1301,13,1,269.99,6/20/2016
280,638,13,1,269.99,6/21/2016
289,849,13,1,269.99,6/27/2016
317,795,13,2,269.99,7/17/2016
318,1141,13,2,269.99,7/17/2016
322,924,13,2,269.99,7/19/2016
323,1243,13,2,269.99,7/19/2016
327,83,13,1,269.99,7/21/2016
339,1110,13,1,269.99,7/28/2016
340,963,13,2,269.99,7/29/2016
346,584,13,1,269.99,8/1/2016
356,1189,13,1,269.99,8/4/2016
360,1300,13,2,269.99,8/7/2016
373,337,13,1,269.99,8/16/2016
382,199,13,1,269.99,8/20/2016
383,331,13,1,269.99,8/20/2016
388,1080,13,2,269.99,8/21/2016
430,272,13,2,269.99,9/11/2016
431,1217,13,2,269.99,9/11/2016
438,314,13,2,269.99,9/16/2016
448,101,13,2,269.99,9/21/2016
454,988,13,2,269.99,9/23/2016
463,964,13,2,269.99,9/27/2016
470,641,13,1,269.99,9/30/2016
471,697,13,2,269.99,9/30/2016
481,481,13,2,269.99,10/4/2016
482,513,13,1,269.99,10/5/2016
485,465,13,1,269.99,10/6/2016
488,921,13,2,269.99,10/6/2016
490,876,13,2,269.99,10/7/2016
496,193,13,1,269.99,10/10/2016
502,401,13,1,269.99,10/12/2016
503,932,13,2,269.99,10/13/2016
507,1378,13,2,269.99,10/15/2016
511,377,13,1,269.99,10/18/2016
513,155,13,1,269.99,10/19/2016
549,64,13,2,269.99,11/12/2016
563,365,13,2,269.99,11/20/2016
572,178,13,2,269.99,11/24/2016
574,833,13,2,269.99,11/26/2016
605,1208,13,2,269.99,12/10/2016
612,634,13,1,269.99,12/16/2016
633,1040,13,2,269.99,12/28/2016
647,283,13,1,269.99,1/9/2017
673,64,13,1,269.99,1/26/2017
693,1233,13,1,269.99,2/5/2017
730,500,13,1,269.99,2/21/2017
771,671,13,2,269.99,3/11/2017
788,1363,13,1,269.99,3/18/2017
859,644,13,1,269.99,4/25/2017
864,902,13,1,269.99,4/28/2017
866,1410,13,2,269.99,4/29/2017
878,224,13,1,269.99,5/7/2017
904,1020,13,1,269.99,5/23/2017
938,129,13,1,269.99,6/11/2017
956,1184,13,2,269.99,6/17/2017
1015,799,13,1,269.99,7/19/2017
1059,6,13,1,269.99,8/14/2017
1062,1210,13,1,269.99,8/15/2017
1073,911,13,1,269.99,8/18/2017
1087,675,13,2,269.99,8/22/2017
1099,1128,13,2,269.99,8/28/2017
1138,254,13,2,269.99,9/21/2017
1178,771,13,2,269.99,10/12/2017
1197,269,13,1,269.99,10/21/2017
1201,201,13,1,269.99,10/23/2017
1208,1226,13,2,269.99,10/26/2017
1245,1166,13,1,269.99,11/13/2017
1329,443,13,1,269.99,1/4/2018
1334,425,13,1,269.99,1/7/2018
1350,637,13,2,269.99,1/15/2018
10,442,14,1,269.99,1/5/2016
16,552,14,1,269.99,1/12/2016
21,1250,14,1,269.99,1/15/2016
25,657,14,1,269.99,1/18/2016
28,252,14,2,269.99,1/19/2016
29,437,14,2,269.99,1/20/2016
48,1012,14,2,269.99,1/30/2016
53,965,14,2,269.99,2/3/2016
58,504,14,2,269.99,2/5/2016
60,151,14,2,269.99,2/6/2016
62,208,14,1,269.99,2/7/2016
78,1182,14,2,269.99,2/16/2016
110,677,14,1,269.99,3/6/2016
111,630,14,1,269.99,3/7/2016
117,740,14,1,269.99,3/10/2016
121,755,14,2,269.99,3/14/2016
148,714,14,1,269.99,3/28/2016
164,610,14,1,269.99,4/7/2016
169,99,14,2,269.99,4/10/2016
173,117,14,1,269.99,4/11/2016
184,134,14,1,269.99,4/19/2016
195,727,14,1,269.99,4/28/2016
201,280,14,2,269.99,5/1/2016
210,943,14,1,269.99,5/7/2016
231,1257,14,2,269.99,5/19/2016
233,737,14,1,269.99,5/21/2016
255,801,14,1,269.99,6/3/2016
261,1045,14,1,269.99,6/8/2016
281,800,14,2,269.99,6/21/2016
294,732,14,1,269.99,7/1/2016
298,885,14,2,269.99,7/4/2016
308,156,14,1,269.99,7/11/2016
310,627,14,2,269.99,7/12/2016
312,299,14,2,269.99,7/13/2016
329,274,14,2,269.99,7/24/2016
344,750,14,1,269.99,8/1/2016
352,16,14,1,269.99,8/3/2016
355,1011,14,2,269.99,8/3/2016
363,834,14,1,269.99,8/11/2016
367,527,14,1,269.99,8/14/2016
371,891,14,1,269.99,8/15/2016
372,132,14,2,269.99,8/16/2016
377,1355,14,1,269.99,8/17/2016
383,331,14,1,269.99,8/20/2016
392,176,14,2,269.99,8/23/2016
394,522,14,2,269.99,8/26/2016
395,144,14,1,269.99,8/26/2016
399,1001,14,1,269.99,8/29/2016
405,603,14,2,269.99,8/31/2016
416,1377,14,1,269.99,9/3/2016
428,1039,14,1,269.99,9/9/2016
431,1217,14,2,269.99,9/11/2016
451,1146,14,2,269.99,9/21/2016
471,697,14,1,269.99,9/30/2016
482,513,14,1,269.99,10/5/2016
490,876,14,1,269.99,10/7/2016
499,260,14,2,269.99,10/11/2016
500,148,14,1,269.99,10/11/2016
501,977,14,1,269.99,10/11/2016
521,664,14,1,269.99,10/23/2016
536,759,14,1,269.99,10/31/2016
598,40,14,1,269.99,12/9/2016
607,309,14,1,269.99,12/11/2016
612,634,14,1,269.99,12/16/2016
624,814,14,2,269.99,12/24/2016
629,973,14,2,269.99,12/26/2016
773,1385,14,1,269.99,3/11/2017
858,162,14,1,269.99,4/25/2017
859,644,14,2,269.99,4/25/2017
861,1177,14,2,269.99,4/27/2017
875,386,14,1,269.99,5/5/2017
957,722,14,2,269.99,6/17/2017
990,706,14,2,269.99,7/4/2017
997,485,14,2,269.99,7/11/2017
1005,266,14,2,269.99,7/15/2017
1027,588,14,2,269.99,7/26/2017
1050,239,14,2,269.99,8/9/2017
1061,655,14,1,269.99,8/15/2017
1111,930,14,1,269.99,9/4/2017
1238,998,14,1,269.99,11/9/2017
1255,375,14,2,269.99,11/19/2017
1299,1216,14,2,269.99,12/15/2017
1308,713,14,2,269.99,12/22/2017
1312,311,14,1,269.99,12/25/2017
1449,330,14,2,269.99,3/18/2018
1564,46,14,1,269.99,4/21/2018
7,324,15,1,529.99,1/4/2016
22,1035,15,2,529.99,1/16/2016
39,1296,15,1,529.99,1/25/2016
47,1234,15,1,529.99,1/29/2016
55,1173,15,2,529.99,2/4/2016
60,151,15,1,529.99,2/6/2016
61,277,15,2,529.99,2/6/2016
75,587,15,1,529.99,2/14/2016
84,317,15,2,529.99,2/20/2016
86,276,15,1,529.99,2/21/2016
91,648,15,2,529.99,2/25/2016
102,336,15,1,529.99,3/2/2016
103,991,15,2,529.99,3/3/2016
140,1264,15,1,529.99,3/23/2016
153,498,15,2,529.99,3/30/2016
160,205,15,2,529.99,4/4/2016
181,459,15,2,529.99,4/18/2016
190,98,15,1,529.99,4/23/2016
202,600,15,2,529.99,5/3/2016
223,1368,15,1,529.99,5/15/2016
227,489,15,2,529.99,5/17/2016
233,737,15,2,529.99,5/21/2016
237,1351,15,1,529.99,5/25/2016
257,1314,15,1,529.99,6/5/2016
264,5,15,2,529.99,6/10/2016
270,879,15,1,529.99,6/12/2016
307,695,15,2,529.99,7/9/2016
317,795,15,1,529.99,7/17/2016
319,941,15,2,529.99,7/18/2016
339,1110,15,2,529.99,7/28/2016
346,584,15,1,529.99,8/1/2016
348,907,15,2,529.99,8/2/2016
359,441,15,2,529.99,8/7/2016
363,834,15,1,529.99,8/11/2016
384,410,15,1,529.99,8/20/2016
389,53,15,2,529.99,8/22/2016
409,416,15,1,529.99,9/1/2016
420,72,15,2,529.99,9/5/2016
427,434,15,2,529.99,9/9/2016
441,704,15,1,529.99,9/18/2016
444,30,15,2,529.99,9/19/2016
466,1440,15,1,529.99,9/28/2016
469,1089,15,2,529.99,9/29/2016
472,468,15,1,529.99,9/30/2016
480,686,15,1,529.99,10/4/2016
491,1048,15,2,529.99,10/8/2016
493,796,15,1,529.99,10/9/2016
499,260,15,1,529.99,10/11/2016
518,1374,15,2,529.99,10/22/2016
526,1096,15,1,529.99,10/26/2016
535,835,15,1,529.99,10/29/2016
549,64,15,1,529.99,11/12/2016
551,1169,15,2,529.99,11/12/2016
559,959,15,2,529.99,11/16/2016
561,90,15,2,529.99,11/19/2016
564,1058,15,1,529.99,11/20/2016
580,581,15,1,529.99,11/30/2016
583,792,15,2,529.99,12/4/2016
584,1209,15,1,529.99,12/4/2016
585,1219,15,1,529.99,12/4/2016
589,719,15,2,529.99,12/6/2016
602,823,15,2,529.99,12/9/2016
617,118,15,2,529.99,12/21/2016
626,130,15,1,529.99,12/25/2016
628,561,15,2,529.99,12/26/2016
631,855,15,2,529.99,12/27/2016
632,163,15,1,529.99,12/27/2016
639,550,15,1,529.99,1/6/2017
641,673,15,1,529.99,1/7/2017
646,975,15,2,529.99,1/9/2017
679,81,15,2,529.99,1/29/2017
692,2,15,2,529.99,2/5/2017
875,386,15,2,529.99,5/5/2017
959,650,15,1,529.99,6/18/2017
1020,16,15,1,529.99,7/23/2017
1025,1304,15,1,529.99,7/23/2017
1066,106,15,2,529.99,8/17/2017
1078,793,15,1,529.99,8/19/2017
1087,675,15,1,529.99,8/22/2017
1095,1382,15,2,529.99,8/26/2017
1168,1031,15,2,529.99,10/4/2017
1170,534,15,1,529.99,10/5/2017
1211,19,15,2,529.99,10/27/2017
1213,669,15,1,529.99,10/27/2017
1239,1197,15,2,529.99,11/9/2017
1240,903,15,2,529.99,11/10/2017
1247,426,15,2,529.99,11/16/2017
1379,1256,15,1,529.99,2/2/2018
1501,52,15,1,529.99,4/6/2018
1573,24,15,2,529.99,4/23/2018
1583,44,15,1,529.99,4/25/2018
1,259,16,2,599.99,1/1/2016
2,1212,16,2,599.99,1/1/2016
11,1326,16,2,599.99,1/5/2016
13,873,16,2,599.99,1/8/2016
37,164,16,2,599.99,1/25/2016
39,1296,16,2,599.99,1/25/2016
44,861,16,1,599.99,1/28/2016
74,264,16,2,599.99,2/13/2016
100,1237,16,2,599.99,3/1/2016
108,12,16,2,599.99,3/6/2016
120,327,16,2,599.99,3/14/2016
122,786,16,1,599.99,3/14/2016
124,403,16,1,599.99,3/16/2016
128,86,16,2,599.99,3/18/2016
138,438,16,2,599.99,3/23/2016
142,170,16,2,599.99,3/26/2016
152,76,16,2,599.99,3/29/2016
153,498,16,1,599.99,3/30/2016
172,1079,16,1,599.99,4/11/2016
173,117,16,1,599.99,4/11/2016
176,643,16,2,599.99,4/15/2016
180,918,16,1,599.99,4/17/2016
189,1288,16,2,599.99,4/23/2016
212,1373,16,2,599.99,5/8/2016
216,267,16,2,599.99,5/11/2016
233,737,16,2,599.99,5/21/2016
239,13,16,2,599.99,5/27/2016
261,1045,16,2,599.99,6/8/2016
278,1301,16,1,599.99,6/20/2016
282,159,16,2,599.99,6/22/2016
283,181,16,2,599.99,6/23/2016
285,319,16,2,599.99,6/25/2016
286,59,16,2,599.99,6/25/2016
300,1205,16,2,599.99,7/5/2016
312,299,16,2,599.99,7/13/2016
316,670,16,2,599.99,7/17/2016
334,1112,16,2,599.99,7/25/2016
342,806,16,2,599.99,7/31/2016
355,1011,16,1,599.99,8/3/2016
366,1054,16,2,599.99,8/13/2016
379,954,16,1,599.99,8/18/2016
380,1156,16,1,599.99,8/19/2016
386,1362,16,2,599.99,8/20/2016
394,522,16,1,599.99,8/26/2016
404,396,16,2,599.99,8/31/2016
409,416,16,2,599.99,9/1/2016
442,667,16,2,599.99,9/18/2016
444,30,16,1,599.99,9/19/2016
445,362,16,1,599.99,9/19/2016
446,399,16,2,599.99,9/19/2016
452,997,16,1,599.99,9/22/2016
461,853,16,1,599.99,9/26/2016
481,481,16,2,599.99,10/4/2016
518,1374,16,2,599.99,10/22/2016
519,54,16,1,599.99,10/22/2016
523,1056,16,2,599.99,10/24/2016
532,817,16,2,599.99,10/29/2016
542,313,16,2,599.99,11/4/2016
549,64,16,1,599.99,11/12/2016
551,1169,16,1,599.99,11/12/2016
556,61,16,1,599.99,11/13/2016
558,1443,16,1,599.99,11/15/2016
560,1405,16,1,599.99,11/18/2016
569,707,16,1,599.99,11/23/2016
570,989,16,1,599.99,11/23/2016
580,581,16,2,599.99,11/30/2016
591,1211,16,2,599.99,12/6/2016
592,1232,16,1,599.99,12/6/2016
598,40,16,2,599.99,12/9/2016
611,1073,16,2,599.99,12/15/2016
616,1444,16,2,599.99,12/20/2016
624,814,16,1,599.99,12/24/2016
669,745,16,2,599.99,1/23/2017
686,380,16,1,599.99,2/1/2017
723,845,16,1,599.99,2/19/2017
748,1072,16,2,599.99,3/3/2017
782,1298,16,2,599.99,3/15/2017
784,430,16,1,599.99,3/16/2017
792,479,16,2,599.99,3/22/2017
807,1148,16,1,599.99,3/30/2017
832,1215,16,2,599.99,4/11/2017
845,662,16,2,599.99,4/17/2017
890,171,16,2,599.99,5/15/2017
898,352,16,1,599.99,5/20/2017
927,1438,16,2,599.99,6/3/2017
944,138,16,2,599.99,6/14/2017
995,621,16,2,599.99,7/11/2017
1011,495,16,2,599.99,7/18/2017
1054,189,16,1,599.99,8/11/2017
1125,945,16,2,599.99,9/14/2017
1132,351,16,1,599.99,9/19/2017
1184,369,16,2,599.99,10/14/2017
1272,935,16,2,599.99,11/27/2017
1296,231,16,1,599.99,12/14/2017
1315,931,16,2,599.99,12/25/2017
5,1324,17,1,429,1/3/2016
7,324,17,2,429,1/4/2016
13,873,17,2,429,1/8/2016
21,1250,17,1,429,1/15/2016
30,1348,17,1,429,1/20/2016
34,80,17,2,429,1/22/2016
40,348,17,1,429,1/27/2016
46,746,17,1,429,1/29/2016
59,563,17,2,429,2/5/2016
68,381,17,1,429,2/10/2016
72,1386,17,2,429,2/12/2016
78,1182,17,1,429,2/16/2016
79,529,17,2,429,2/17/2016
80,397,17,1,429,2/17/2016
93,1328,17,1,429,2/26/2016
103,991,17,1,429,3/3/2016
106,422,17,1,429,3/4/2016
120,327,17,1,429,3/14/2016
125,685,17,1,429,3/16/2016
127,484,17,1,429,3/17/2016
150,332,17,1,429,3/29/2016
151,926,17,1,429,3/29/2016
156,357,17,2,429,4/3/2016
183,22,17,1,429,4/19/2016
198,640,17,1,429,5/1/2016
201,280,17,1,429,5/1/2016
202,600,17,1,429,5/3/2016
203,1102,17,2,429,5/3/2016
204,591,17,2,429,5/4/2016
217,716,17,1,429,5/11/2016
234,1435,17,2,429,5/22/2016
246,17,17,2,429,5/30/2016
248,1376,17,1,429,5/30/2016
250,150,17,2,429,6/1/2016
261,1045,17,2,429,6/8/2016
276,1227,17,1,429,6/18/2016
289,849,17,1,429,6/27/2016
311,1400,17,2,429,7/12/2016
316,670,17,1,429,7/17/2016
324,480,17,1,429,7/20/2016
329,274,17,1,429,7/24/2016
331,642,17,2,429,7/24/2016
357,14,17,2,429,8/5/2016
398,447,17,1,429,8/29/2016
408,1071,17,2,429,9/1/2016
412,1202,17,1,429,9/2/2016
420,72,17,2,429,9/5/2016
423,1397,17,1,429,9/6/2016
449,492,17,2,429,9/21/2016
456,1061,17,2,429,9/23/2016
457,1349,17,1,429,9/24/2016
467,555,17,2,429,9/28/2016
475,241,17,2,429,10/1/2016
483,703,17,1,429,10/6/2016
510,586,17,1,429,10/17/2016
514,927,17,2,429,10/19/2016
532,817,17,2,429,10/29/2016
537,1353,17,2,429,10/31/2016
544,321,17,1,429,11/6/2016
546,470,17,2,429,11/9/2016
561,90,17,2,429,11/19/2016
565,894,17,1,429,11/21/2016
582,32,17,2,429,12/4/2016
597,1121,17,2,429,12/8/2016
612,634,17,1,429,12/16/2016
618,131,17,2,429,12/21/2016
621,1157,17,2,429,12/23/2016
625,1163,17,1,429,12/25/2016
663,344,17,2,429,1/20/2017
675,291,17,1,429,1/28/2017
736,184,17,1,429,2/27/2017
756,1143,17,2,429,3/6/2017
773,1385,17,2,429,3/11/2017
794,863,17,1,429,3/23/2017
876,1046,17,2,429,5/5/2017
899,605,17,1,429,5/20/2017
1032,429,17,1,429,7/30/2017
1046,1134,17,2,429,8/7/2017
1093,326,17,2,429,8/25/2017
1104,268,17,1,429,9/1/2017
1133,517,17,1,429,9/19/2017
1154,789,17,1,429,9/30/2017
1173,548,17,1,429,10/8/2017
1201,201,17,2,429,10/23/2017
1219,840,17,2,429,10/30/2017
1257,1136,17,2,429,11/19/2017
1288,778,17,2,429,12/7/2017
1304,1409,17,1,429,12/16/2017
1415,839,17,1,429,3/3/2018
1511,25,17,2,429,4/9/2018
1541,10,17,1,429,4/16/2018
6,94,18,1,449,1/4/2016
15,450,18,2,449,1/9/2016
24,636,18,2,449,1/18/2016
35,813,18,1,449,1/22/2016
58,504,18,1,449,2/5/2016
70,50,18,1,449,2/11/2016
71,797,18,1,449,2/11/2016
78,1182,18,2,449,2/16/2016
85,1174,18,1,449,2/20/2016
103,991,18,1,449,3/3/2016
118,577,18,1,449,3/12/2016
129,84,18,1,449,3/19/2016
134,679,18,2,449,3/20/2016
135,1354,18,2,449,3/21/2016
141,557,18,1,449,3/25/2016
156,357,18,2,449,4/3/2016
160,205,18,2,449,4/4/2016
162,31,18,1,449,4/6/2016
163,1325,18,1,449,4/6/2016
170,1200,18,2,449,4/10/2016
178,756,18,1,449,4/16/2016
179,616,18,1,449,4/17/2016
195,727,18,1,449,4/28/2016
199,760,18,2,449,5/1/2016
217,716,18,1,449,5/11/2016
232,1360,18,1,449,5/20/2016
239,13,18,1,449,5/27/2016
240,65,18,2,449,5/27/2016
249,145,18,2,449,6/1/2016
258,107,18,1,449,6/6/2016
269,764,18,1,449,6/12/2016
275,1341,18,1,449,6/17/2016
292,360,18,2,449,6/29/2016
294,732,18,1,449,7/1/2016
302,1375,18,2,449,7/6/2016
308,156,18,2,449,7/11/2016
332,659,18,2,449,7/24/2016
333,779,18,2,449,7/25/2016
337,1252,18,1,449,7/26/2016
344,750,18,2,449,8/1/2016
345,1299,18,2,449,8/1/2016
346,584,18,2,449,8/1/2016
358,1042,18,2,449,8/5/2016
387,451,18,1,449,8/20/2016
398,447,18,2,449,8/29/2016
408,1071,18,1,449,9/1/2016
431,1217,18,1,449,9/11/2016
434,726,18,2,449,9/13/2016
435,77,18,1,449,9/14/2016
460,691,18,2,449,9/25/2016
461,853,18,2,449,9/26/2016
470,641,18,1,449,9/30/2016
493,796,18,2,449,10/9/2016
514,927,18,2,449,10/19/2016
519,54,18,2,449,10/22/2016
527,506,18,2,449,10/27/2016
543,62,18,1,449,11/6/2016
546,470,18,2,449,11/9/2016
552,1282,18,1,449,11/12/2016
553,913,18,2,449,11/12/2016
561,90,18,1,449,11/19/2016
565,894,18,1,449,11/21/2016
570,989,18,1,449,11/23/2016
578,819,18,2,449,11/27/2016
585,1219,18,2,449,12/4/2016
587,487,18,1,449,12/6/2016
592,1232,18,2,449,12/6/2016
600,624,18,2,449,12/9/2016
606,18,18,2,449,12/11/2016
610,711,18,2,449,12/13/2016
613,1159,18,2,449,12/17/2016
614,654,18,1,449,12/18/2016
622,1398,18,1,449,12/23/2016
630,1404,18,2,449,12/26/2016
808,315,18,1,449,3/31/2017
855,775,18,1,449,4/22/2017
878,224,18,2,449,5/7/2017
934,93,18,1,449,6/9/2017
1017,168,18,2,449,7/20/2017
1036,1442,18,2,449,7/30/2017
1039,1077,18,2,449,8/2/2017
1064,898,18,1,449,8/16/2017
1070,596,18,2,449,8/17/2017
1092,40,18,1,449,8/25/2017
1276,893,18,2,449,11/30/2017
1346,136,18,2,449,1/14/2018
1467,152,18,1,449,3/26/2018
1559,42,18,1,449,4/20/2018
1596,21,18,1,449,4/28/2018
27,57,19,1,449,1/19/2016
30,1348,19,1,449,1/20/2016
41,979,19,2,449,1/27/2016
42,1095,19,1,449,1/27/2016
57,1305,19,2,449,2/4/2016
63,1075,19,2,449,2/7/2016
67,526,19,1,449,2/9/2016
78,1182,19,1,449,2/16/2016
95,218,19,1,449,2/27/2016
97,204,19,1,449,2/28/2016
98,1194,19,1,449,2/28/2016
104,7,19,2,449,3/3/2016
107,633,19,1,449,3/6/2016
115,1369,19,1,449,3/9/2016
117,740,19,1,449,3/10/2016
134,679,19,2,449,3/20/2016
139,710,19,2,449,3/23/2016
142,170,19,1,449,3/26/2016
174,1361,19,2,449,4/12/2016
175,951,19,1,449,4/13/2016
183,22,19,1,449,4/19/2016
203,1102,19,2,449,5/3/2016
212,1373,19,1,449,5/8/2016
215,1420,19,1,449,5/10/2016
243,802,19,2,449,5/27/2016
244,956,19,1,449,5/28/2016
252,66,19,1,449,6/1/2016
258,107,19,1,449,6/6/2016
266,933,19,1,449,6/10/2016
278,1301,19,2,449,6/20/2016
293,573,19,2,449,6/30/2016
316,670,19,1,449,7/17/2016
324,480,19,1,449,7/20/2016
354,551,19,1,449,8/3/2016
368,995,19,1,449,8/14/2016
373,337,19,2,449,8/16/2016
383,331,19,1,449,8/20/2016
388,1080,19,2,449,8/21/2016
425,843,19,1,449,9/8/2016
431,1217,19,1,449,9/11/2016
440,882,19,2,449,9/17/2016
460,691,19,1,449,9/25/2016
466,1440,19,2,449,9/28/2016
467,555,19,1,449,9/28/2016
468,1261,19,1,449,9/29/2016
474,553,19,2,449,10/1/2016
501,977,19,2,449,10/11/2016
527,506,19,1,449,10/27/2016
540,1429,19,1,449,11/3/2016
542,313,19,2,449,11/4/2016
552,1282,19,2,449,11/12/2016
563,365,19,1,449,11/20/2016
580,581,19,1,449,11/30/2016
584,1209,19,1,449,12/4/2016
595,538,19,2,449,12/8/2016
605,1208,19,1,449,12/10/2016
615,560,19,2,449,12/19/2016
627,1119,19,1,449,12/25/2016
629,973,19,1,449,12/26/2016
668,297,19,2,449,1/22/2017
675,291,19,1,449,1/28/2017
686,380,19,2,449,2/1/2017
737,694,19,2,449,2/27/2017
740,1113,19,1,449,2/28/2017
788,1363,19,1,449,3/18/2017
808,315,19,2,449,3/31/2017
818,1319,19,2,449,4/4/2017
825,10,19,1,449,4/7/2017
1000,645,19,2,449,7/12/2017
1061,655,19,1,449,8/15/2017
1091,1260,19,1,449,8/24/2017
1097,1311,19,1,449,8/27/2017
1185,960,19,2,449,10/14/2017
1201,201,19,2,449,10/23/2017
1216,886,19,1,449,10/28/2017
1259,4,19,1,449,11/21/2017
1263,1408,19,2,449,11/23/2017
1502,83,19,2,449,4/6/2018
1,259,20,1,599.99,1/1/2016
2,1212,20,1,599.99,1/1/2016
3,523,20,1,599.99,1/2/2016
6,94,20,1,599.99,1/4/2016
8,1204,20,2,599.99,1/4/2016
13,873,20,2,599.99,1/8/2016
17,1175,20,2,599.99,1/12/2016
35,813,20,2,599.99,1/22/2016
51,1047,20,1,599.99,2/1/2016
56,1241,20,2,599.99,2/4/2016
70,50,20,1,599.99,2/11/2016
77,385,20,1,599.99,2/16/2016
83,393,20,1,599.99,2/19/2016
87,516,20,2,599.99,2/21/2016
95,218,20,2,599.99,2/27/2016
97,204,20,2,599.99,2/28/2016
127,484,20,1,599.99,3/17/2016
132,46,20,1,599.99,3/20/2016
146,288,20,2,599.99,3/28/2016
169,99,20,2,599.99,4/10/2016
173,117,20,2,599.99,4/11/2016
177,121,20,2,599.99,4/16/2016
179,616,20,2,599.99,4/17/2016
185,24,20,1,599.99,4/20/2016
196,1247,20,1,599.99,4/28/2016
198,640,20,2,599.99,5/1/2016
206,743,20,1,599.99,5/4/2016
223,1368,20,1,599.99,5/15/2016
237,1351,20,2,599.99,5/25/2016
238,1350,20,2,599.99,5/26/2016
277,546,20,2,599.99,6/19/2016
282,159,20,1,599.99,6/22/2016
284,1356,20,1,599.99,6/23/2016
287,133,20,1,599.99,6/25/2016
304,230,20,1,599.99,7/7/2016
316,670,20,1,599.99,7/17/2016
343,961,20,2,599.99,7/31/2016
349,30,20,2,599.99,8/3/2016
350,31,20,1,599.99,8/3/2016
351,1307,20,1,599.99,8/3/2016
363,834,20,1,599.99,8/11/2016
384,410,20,1,599.99,8/20/2016
407,77,20,1,599.99,9/1/2016
418,88,20,1,599.99,9/4/2016
421,240,20,2,599.99,9/5/2016
422,398,20,2,599.99,9/6/2016
434,726,20,1,599.99,9/13/2016
444,30,20,2,599.99,9/19/2016
453,1028,20,2,599.99,9/22/2016
476,559,20,2,599.99,10/1/2016
499,260,20,2,599.99,10/11/2016
507,1378,20,2,599.99,10/15/2016
523,1056,20,1,599.99,10/24/2016
542,313,20,1,599.99,11/4/2016
545,1108,20,2,599.99,11/8/2016
555,212,20,2,599.99,11/13/2016
590,990,20,1,599.99,12/6/2016
612,634,20,1,599.99,12/16/2016
691,1081,20,1,599.99,2/4/2017
774,690,20,1,599.99,3/12/2017
782,1298,20,2,599.99,3/15/2017
833,406,20,2,599.99,4/12/2017
905,609,20,1,599.99,5/23/2017
914,1068,20,2,599.99,5/28/2017
948,618,20,2,599.99,6/15/2017
952,355,20,2,599.99,6/16/2017
983,1158,20,2,599.99,6/27/2017
992,723,20,1,599.99,7/7/2017
1006,1070,20,1,599.99,7/15/2017
1020,16,20,2,599.99,7/23/2017
1029,407,20,1,599.99,7/29/2017
1043,1235,20,1,599.99,8/6/2017
1073,911,20,1,599.99,8/18/2017
1142,554,20,2,599.99,9/23/2017
1157,24,20,1,599.99,10/1/2017
1175,292,20,1,599.99,10/9/2017
1228,1041,20,2,599.99,11/4/2017
1250,1188,20,2,599.99,11/17/2017
1273,1268,20,1,599.99,11/27/2017
1302,322,20,2,599.99,12/16/2017
1312,311,20,1,599.99,12/25/2017
1323,273,20,1,599.99,12/31/2017
1426,938,20,2,599.99,3/7/2018
1571,80,20,2,599.99,4/22/2018
16,552,21,1,269.99,1/12/2016
25,657,21,1,269.99,1/18/2016
26,1280,21,2,269.99,1/18/2016
29,437,21,2,269.99,1/20/2016
35,813,21,2,269.99,1/22/2016
45,1220,21,2,269.99,1/28/2016
55,1173,21,1,269.99,2/4/2016
59,563,21,1,269.99,2/5/2016
67,526,21,1,269.99,2/9/2016
86,276,21,2,269.99,2/21/2016
93,1328,21,1,269.99,2/26/2016
94,929,21,2,269.99,2/27/2016
98,1194,21,1,269.99,2/28/2016
99,1165,21,1,269.99,2/29/2016
140,1264,21,1,269.99,3/23/2016
149,763,21,2,269.99,3/28/2016
160,205,21,1,269.99,4/4/2016
162,31,21,2,269.99,4/6/2016
175,951,21,2,269.99,4/13/2016
194,558,21,2,269.99,4/28/2016
195,727,21,2,269.99,4/28/2016
214,363,21,1,269.99,5/10/2016
223,1368,21,2,269.99,5/15/2016
225,307,21,1,269.99,5/17/2016
239,13,21,2,269.99,5/27/2016
255,801,21,1,269.99,6/3/2016
256,26,21,1,269.99,6/4/2016
267,282,21,1,269.99,6/11/2016
273,1340,21,1,269.99,6/16/2016
286,59,21,2,269.99,6/25/2016
290,202,21,1,269.99,6/28/2016
291,158,21,2,269.99,6/29/2016
319,941,21,1,269.99,7/18/2016
322,924,21,1,269.99,7/19/2016
330,622,21,2,269.99,7/24/2016
335,1193,21,1,269.99,7/25/2016
346,584,21,1,269.99,8/1/2016
354,551,21,1,269.99,8/3/2016
357,14,21,2,269.99,8/5/2016
358,1042,21,2,269.99,8/5/2016
363,834,21,2,269.99,8/11/2016
366,1054,21,1,269.99,8/13/2016
368,995,21,2,269.99,8/14/2016
375,536,21,2,269.99,8/17/2016
381,1297,21,2,269.99,8/19/2016
383,331,21,2,269.99,8/20/2016
384,410,21,2,269.99,8/20/2016
385,1274,21,1,269.99,8/20/2016
409,416,21,1,269.99,9/1/2016
425,843,21,2,269.99,9/8/2016
434,726,21,1,269.99,9/13/2016
458,197,21,2,269.99,9/25/2016
472,468,21,2,269.99,9/30/2016
478,304,21,2,269.99,10/2/2016
479,984,21,1,269.99,10/3/2016
491,1048,21,2,269.99,10/8/2016
496,193,21,2,269.99,10/10/2016
498,1331,21,1,269.99,10/10/2016
512,8,21,1,269.99,10/19/2016
517,613,21,2,269.99,10/21/2016
522,724,21,1,269.99,10/23/2016
526,1096,21,1,269.99,10/26/2016
528,676,21,2,269.99,10/28/2016
534,1406,21,2,269.99,10/29/2016
539,1144,21,2,269.99,11/2/2016
544,321,21,1,269.99,11/6/2016
558,1443,21,2,269.99,11/15/2016
566,298,21,2,269.99,11/22/2016
578,819,21,1,269.99,11/27/2016
580,581,21,2,269.99,11/30/2016
587,487,21,1,269.99,12/6/2016
592,1232,21,2,269.99,12/6/2016
594,1318,21,2,269.99,12/7/2016
614,654,21,1,269.99,12/18/2016
624,814,21,2,269.99,12/24/2016
630,1404,21,2,269.99,12/26/2016
645,1199,21,2,269.99,1/8/2017
741,119,21,2,269.99,2/28/2017
760,1104,21,2,269.99,3/7/2017
807,1148,21,2,269.99,3/30/2017
834,890,21,1,269.99,4/12/2017
884,871,21,2,269.99,5/11/2017
933,909,21,1,269.99,6/7/2017
981,687,21,2,269.99,6/26/2017
1034,895,21,1,269.99,7/30/2017
1125,945,21,1,269.99,9/14/2017
1150,1183,21,2,269.99,9/28/2017
1185,960,21,1,269.99,10/14/2017
1253,44,21,1,269.99,11/18/2017
1336,904,21,2,269.99,1/9/2018
8,1204,22,1,269.99,1/4/2016
11,1326,22,2,269.99,1/5/2016
18,541,22,1,269.99,1/14/2016
22,1035,22,1,269.99,1/16/2016
25,657,22,1,269.99,1/18/2016
35,813,22,1,269.99,1/22/2016
39,1296,22,2,269.99,1/25/2016
45,1220,22,1,269.99,1/28/2016
60,151,22,1,269.99,2/6/2016
62,208,22,2,269.99,2/7/2016
64,1185,22,2,269.99,2/7/2016
69,1413,22,2,269.99,2/10/2016
73,612,22,1,269.99,2/12/2016
93,1328,22,2,269.99,2/26/2016
98,1194,22,2,269.99,2/28/2016
102,336,22,1,269.99,3/2/2016
108,12,22,2,269.99,3/6/2016
109,1255,22,2,269.99,3/6/2016
115,1369,22,1,269.99,3/9/2016
117,740,22,2,269.99,3/10/2016
131,316,22,2,269.99,3/19/2016
133,409,22,1,269.99,3/20/2016
137,370,22,1,269.99,3/23/2016
152,76,22,2,269.99,3/29/2016
161,251,22,1,269.99,4/4/2016
168,1147,22,2,269.99,4/9/2016
174,1361,22,2,269.99,4/12/2016
200,1074,22,2,269.99,5/1/2016
205,635,22,2,269.99,5/4/2016
216,267,22,2,269.99,5/11/2016
220,1358,22,2,269.99,5/12/2016
228,615,22,1,269.99,5/17/2016
238,1350,22,2,269.99,5/26/2016
244,956,22,1,269.99,5/28/2016
249,145,22,1,269.99,6/1/2016
251,851,22,2,269.99,6/1/2016
267,282,22,2,269.99,6/11/2016
281,800,22,1,269.99,6/21/2016
295,1130,22,2,269.99,7/1/2016
298,885,22,1,269.99,7/4/2016
301,17,22,1,269.99,7/6/2016
306,424,22,1,269.99,7/9/2016
314,1019,22,2,269.99,7/15/2016
317,795,22,1,269.99,7/17/2016
324,480,22,2,269.99,7/20/2016
338,1333,22,1,269.99,7/28/2016
344,750,22,1,269.99,8/1/2016
351,1307,22,2,269.99,8/3/2016
373,337,22,1,269.99,8/16/2016
383,331,22,2,269.99,8/20/2016
403,578,22,2,269.99,8/31/2016
416,1377,22,1,269.99,9/3/2016
424,67,22,1,269.99,9/8/2016
430,272,22,2,269.99,9/11/2016
435,77,22,1,269.99,9/14/2016
438,314,22,1,269.99,9/16/2016
444,30,22,1,269.99,9/19/2016
446,399,22,1,269.99,9/19/2016
460,691,22,2,269.99,9/25/2016
467,555,22,2,269.99,9/28/2016
476,559,22,2,269.99,10/1/2016
488,921,22,1,269.99,10/6/2016
492,191,22,2,269.99,10/9/2016
495,712,22,1,269.99,10/10/2016
511,377,22,2,269.99,10/18/2016
522,724,22,2,269.99,10/23/2016
535,835,22,2,269.99,10/29/2016
536,759,22,1,269.99,10/31/2016
541,1228,22,2,269.99,11/4/2016
554,104,22,1,269.99,11/13/2016
584,1209,22,1,269.99,12/4/2016
599,1,22,2,269.99,12/9/2016
609,896,22,2,269.99,12/12/2016
624,814,22,1,269.99,12/24/2016
632,163,22,2,269.99,12/27/2016
656,949,22,1,269.99,1/16/2017
661,626,22,2,269.99,1/18/2017
662,1125,22,1,269.99,1/19/2017
722,1399,22,2,269.99,2/18/2017
745,698,22,2,269.99,3/1/2017
758,953,22,2,269.99,3/6/2017
783,1343,22,2,269.99,3/16/2017
784,430,22,1,269.99,3/16/2017
810,153,22,1,269.99,4/1/2017
841,428,22,2,269.99,4/15/2017
906,877,22,2,269.99,5/23/2017
912,519,22,2,269.99,5/27/2017
946,525,22,2,269.99,6/14/2017
974,511,22,2,269.99,6/24/2017
982,1423,22,2,269.99,6/26/2017
1148,1379,22,1,269.99,9/25/2017
1161,41,22,1,269.99,10/1/2017
1214,783,22,1,269.99,10/28/2017
1586,176,22,2,269.99,4/26/2018
15,450,23,2,299.99,1/9/2016
17,1175,23,1,299.99,1/12/2016
23,1149,23,2,299.99,1/16/2016
25,657,23,2,299.99,1/18/2016
33,236,23,2,299.99,1/21/2016
38,583,23,1,299.99,1/25/2016
53,965,23,2,299.99,2/3/2016
57,1305,23,2,299.99,2/4/2016
58,504,23,1,299.99,2/5/2016
64,1185,23,2,299.99,2/7/2016
66,1253,23,1,299.99,2/9/2016
67,526,23,2,299.99,2/9/2016
73,612,23,2,299.99,2/12/2016
81,521,23,2,299.99,2/17/2016
84,317,23,2,299.99,2/20/2016
86,276,23,2,299.99,2/21/2016
87,516,23,2,299.99,2/21/2016
96,1094,23,1,299.99,2/27/2016
99,1165,23,2,299.99,2/29/2016
112,469,23,2,299.99,3/8/2016
113,1078,23,1,299.99,3/8/2016
118,577,23,2,299.99,3/12/2016
137,370,23,1,299.99,3/23/2016
165,574,23,1,299.99,4/8/2016
172,1079,23,1,299.99,4/11/2016
191,919,23,1,299.99,4/27/2016
200,1074,23,2,299.99,5/1/2016
228,615,23,2,299.99,5/17/2016
234,1435,23,1,299.99,5/22/2016
251,851,23,2,299.99,6/1/2016
260,632,23,2,299.99,6/6/2016
267,282,23,2,299.99,6/11/2016
269,764,23,2,299.99,6/12/2016
298,885,23,1,299.99,7/4/2016
319,941,23,1,299.99,7/18/2016
321,568,23,2,299.99,7/19/2016
326,1337,23,1,299.99,7/20/2016
329,274,23,1,299.99,7/24/2016
341,1357,23,2,299.99,7/31/2016
346,584,23,1,299.99,8/1/2016
347,1004,23,1,299.99,8/2/2016
356,1189,23,2,299.99,8/4/2016
376,825,23,2,299.99,8/17/2016
390,576,23,1,299.99,8/22/2016
394,522,23,1,299.99,8/26/2016
401,103,23,1,299.99,8/30/2016
415,1265,23,2,299.99,9/3/2016
421,240,23,2,299.99,9/5/2016
423,1397,23,2,299.99,9/6/2016
426,944,23,2,299.99,9/8/2016
436,791,23,1,299.99,9/16/2016
445,362,23,1,299.99,9/19/2016
453,1028,23,1,299.99,9/22/2016
456,1061,23,1,299.99,9/23/2016
480,686,23,2,299.99,10/4/2016
486,709,23,2,299.99,10/6/2016
488,921,23,2,299.99,10/6/2016
490,876,23,1,299.99,10/7/2016
494,875,23,1,299.99,10/9/2016
496,193,23,1,299.99,10/10/2016
501,977,23,2,299.99,10/11/2016
509,235,23,2,299.99,10/16/2016
513,155,23,1,299.99,10/19/2016
519,54,23,2,299.99,10/22/2016
539,1144,23,1,299.99,11/2/2016
540,1429,23,2,299.99,11/3/2016
552,1282,23,1,299.99,11/12/2016
574,833,23,2,299.99,11/26/2016
584,1209,23,1,299.99,12/4/2016
586,1306,23,2,299.99,12/4/2016
587,487,23,1,299.99,12/6/2016
588,102,23,1,299.99,12/6/2016
596,952,23,2,299.99,12/8/2016
599,1,23,1,299.99,12/9/2016
615,560,23,1,299.99,12/19/2016
625,1163,23,2,299.99,12/25/2016
629,973,23,2,299.99,12/26/2016
652,985,23,1,299.99,1/12/2017
691,1081,23,2,299.99,2/4/2017
706,1271,23,2,299.99,2/9/2017
724,864,23,1,299.99,2/19/2017
798,619,23,1,299.99,3/26/2017
815,1251,23,1,299.99,4/3/2017
843,1059,23,2,299.99,4/16/2017
906,877,23,2,299.99,5/23/2017
910,342,23,1,299.99,5/26/2017
948,618,23,2,299.99,6/15/2017
953,658,23,2,299.99,6/16/2017
956,1184,23,1,299.99,6/17/2017
1021,125,23,2,299.99,7/23/2017
1042,539,23,1,299.99,8/6/2017
1053,1439,23,2,299.99,8/10/2017
1127,494,23,2,299.99,9/15/2017
1168,1031,23,2,299.99,10/4/2017
1207,1002,23,1,299.99,10/26/2017
1237,571,23,1,299.99,11/9/2017
1240,903,23,2,299.99,11/10/2017
1408,1172,23,2,299.99,2/26/2018
1529,50,23,1,299.99,4/12/2018
1590,138,23,1,299.99,4/27/2018
29,437,24,2,549.99,1/20/2016
38,583,24,1,549.99,1/25/2016
64,1185,24,2,549.99,2/7/2016
71,797,24,1,549.99,2/11/2016
77,385,24,2,549.99,2/16/2016
80,397,24,1,549.99,2/17/2016
100,1237,24,2,549.99,3/1/2016
112,469,24,2,549.99,3/8/2016
113,1078,24,2,549.99,3/8/2016
121,755,24,2,549.99,3/14/2016
128,86,24,2,549.99,3/18/2016
131,316,24,2,549.99,3/19/2016
158,117,24,1,549.99,4/4/2016
161,251,24,2,549.99,4/4/2016
170,1200,24,1,549.99,4/10/2016
181,459,24,2,549.99,4/18/2016
182,854,24,2,549.99,4/18/2016
190,98,24,1,549.99,4/23/2016
192,728,24,2,549.99,4/27/2016
201,280,24,1,549.99,5/1/2016
205,635,24,2,549.99,5/4/2016
237,1351,24,1,549.99,5/25/2016
260,632,24,2,549.99,6/6/2016
264,5,24,2,549.99,6/10/2016
267,282,24,1,549.99,6/11/2016
284,1356,24,2,549.99,6/23/2016
289,849,24,1,549.99,6/27/2016
302,1375,24,2,549.99,7/6/2016
303,36,24,2,549.99,7/7/2016
312,299,24,2,549.99,7/13/2016
340,963,24,1,549.99,7/29/2016
345,1299,24,2,549.99,8/1/2016
351,1307,24,2,549.99,8/3/2016
357,14,24,1,549.99,8/5/2016
361,994,24,2,549.99,8/8/2016
365,981,24,2,549.99,8/13/2016
391,61,24,2,549.99,8/23/2016
400,1295,24,2,549.99,8/29/2016
403,578,24,1,549.99,8/31/2016
410,1151,24,2,549.99,9/1/2016
412,1202,24,1,549.99,9/2/2016
416,1377,24,1,549.99,9/3/2016
433,1062,24,1,549.99,9/12/2016
450,575,24,1,549.99,9/21/2016
454,988,24,2,549.99,9/23/2016
457,1349,24,2,549.99,9/24/2016
458,197,24,1,549.99,9/25/2016
461,853,24,1,549.99,9/26/2016
484,421,24,1,549.99,10/6/2016
498,1331,24,1,549.99,10/10/2016
504,1381,24,2,549.99,10/14/2016
520,639,24,1,549.99,10/23/2016
534,1406,24,2,549.99,10/29/2016
535,835,24,1,549.99,10/29/2016
545,1108,24,1,549.99,11/8/2016
552,1282,24,1,549.99,11/12/2016
553,913,24,1,549.99,11/12/2016
566,298,24,2,549.99,11/22/2016
569,707,24,2,549.99,11/23/2016
570,989,24,2,549.99,11/23/2016
587,487,24,1,549.99,12/6/2016
590,990,24,1,549.99,12/6/2016
608,1103,24,1,549.99,12/12/2016
610,711,24,1,549.99,12/13/2016
616,1444,24,1,549.99,12/20/2016
631,855,24,2,549.99,12/27/2016
648,684,24,1,549.99,1/9/2017
676,790,24,1,549.99,1/28/2017
699,958,24,2,549.99,2/6/2017
723,845,24,2,549.99,2/19/2017
749,255,24,1,549.99,3/4/2017
805,420,24,1,549.99,3/29/2017
828,246,24,1,549.99,4/9/2017
860,473,24,2,549.99,4/27/2017
913,699,24,2,549.99,5/27/2017
929,472,24,1,549.99,6/5/2017
1094,828,24,1,549.99,8/25/2017
1111,930,24,1,549.99,9/4/2017
1125,945,24,1,549.99,9/14/2017
1152,1244,24,1,549.99,9/29/2017
1192,1114,24,2,549.99,10/17/2017
1276,893,24,2,549.99,11/30/2017
1303,878,24,2,549.99,12/16/2017
1315,931,24,1,549.99,12/25/2017
1367,1118,24,2,549.99,1/27/2018
1385,866,24,2,549.99,2/8/2018
1400,987,24,2,549.99,2/17/2018
1505,22,24,2,549.99,4/8/2018
1555,1,24,2,549.99,4/18/2018
18,541,25,2,499.99,1/14/2016
32,1259,25,2,499.99,1/21/2016
38,583,25,1,499.99,1/25/2016
47,1234,25,2,499.99,1/29/2016
52,767,25,1,499.99,2/3/2016
53,965,25,2,499.99,2/3/2016
55,1173,25,2,499.99,2/4/2016
61,277,25,1,499.99,2/6/2016
63,1075,25,2,499.99,2/7/2016
64,1185,25,2,499.99,2/7/2016
73,612,25,1,499.99,2/12/2016
77,385,25,1,499.99,2/16/2016
79,529,25,2,499.99,2/17/2016
81,521,25,2,499.99,2/17/2016
82,1223,25,2,499.99,2/18/2016
91,648,25,1,499.99,2/25/2016
99,1165,25,2,499.99,2/29/2016
112,469,25,2,499.99,3/8/2016
119,925,25,1,499.99,3/12/2016
135,1354,25,1,499.99,3/21/2016
150,332,25,2,499.99,3/29/2016
182,854,25,2,499.99,4/18/2016
191,919,25,1,499.99,4/27/2016
192,728,25,1,499.99,4/27/2016
199,760,25,2,499.99,5/1/2016
202,600,25,2,499.99,5/3/2016
206,743,25,1,499.99,5/4/2016
220,1358,25,1,499.99,5/12/2016
224,157,25,1,499.99,5/17/2016
228,615,25,1,499.99,5/17/2016
229,742,25,2,499.99,5/19/2016
238,1350,25,1,499.99,5/26/2016
243,802,25,2,499.99,5/27/2016
244,956,25,1,499.99,5/28/2016
247,928,25,1,499.99,5/30/2016
266,933,25,1,499.99,6/10/2016
270,879,25,2,499.99,6/12/2016
274,411,25,2,499.99,6/17/2016
275,1341,25,1,499.99,6/17/2016
279,378,25,1,499.99,6/21/2016
280,638,25,1,499.99,6/21/2016
294,732,25,2,499.99,7/1/2016
296,1245,25,2,499.99,7/4/2016
318,1141,25,2,499.99,7/17/2016
343,961,25,1,499.99,7/31/2016
360,1300,25,1,499.99,8/7/2016
364,373,25,2,499.99,8/12/2016
370,758,25,2,499.99,8/15/2016
396,542,25,2,499.99,8/27/2016
398,447,25,1,499.99,8/29/2016
399,1001,25,1,499.99,8/29/2016
404,396,25,2,499.99,8/31/2016
410,1151,25,1,499.99,9/1/2016
413,717,25,1,499.99,9/2/2016
454,988,25,2,499.99,9/23/2016
465,1198,25,2,499.99,9/28/2016
468,1261,25,1,499.99,9/29/2016
475,241,25,1,499.99,10/1/2016
497,785,25,2,499.99,10/10/2016
506,831,25,1,499.99,10/14/2016
508,1359,25,1,499.99,10/15/2016
515,986,25,2,499.99,10/19/2016
518,1374,25,2,499.99,10/22/2016
531,116,25,1,499.99,10/28/2016
533,1334,25,1,499.99,10/29/2016
537,1353,25,2,499.99,10/31/2016
543,62,25,1,499.99,11/6/2016
545,1108,25,2,499.99,11/8/2016
562,942,25,2,499.99,11/19/2016
565,894,25,2,499.99,11/21/2016
578,819,25,2,499.99,11/27/2016
591,1211,25,2,499.99,12/6/2016
593,50,25,1,499.99,12/7/2016
605,1208,25,2,499.99,12/10/2016
619,454,25,1,499.99,12/22/2016
622,1398,25,1,499.99,12/23/2016
630,1404,25,1,499.99,12/26/2016
632,163,25,1,499.99,12/27/2016
647,283,25,2,499.99,1/9/2017
665,29,25,2,499.99,1/21/2017
702,1352,25,2,499.99,2/8/2017
738,124,25,1,499.99,2/28/2017
765,1152,25,1,499.99,3/9/2017
785,794,25,1,499.99,3/18/2017
791,432,25,2,499.99,3/20/2017
828,246,25,2,499.99,4/9/2017
860,473,25,1,499.99,4/27/2017
941,736,25,1,499.99,6/12/2017
943,1025,25,1,499.99,6/13/2017
978,1123,25,2,499.99,6/26/2017
1071,602,25,2,499.99,8/17/2017
1139,1006,25,2,499.99,9/21/2017
1237,571,25,1,499.99,11/9/2017
1253,44,25,2,499.99,11/18/2017
1271,734,25,2,499.99,11/27/2017
1296,231,25,2,499.99,12/14/2017
1462,1101,25,1,499.99,3/22/2018
1546,91,25,1,499.99,4/17/2018
5,1324,26,1,599.99,1/3/2016
27,57,26,2,599.99,1/19/2016
30,1348,26,1,599.99,1/20/2016
41,979,26,2,599.99,1/27/2016
50,872,26,2,599.99,1/31/2016
51,1047,26,2,599.99,2/1/2016
54,535,26,2,599.99,2/4/2016
71,797,26,2,599.99,2/11/2016
73,612,26,2,599.99,2/12/2016
77,385,26,1,599.99,2/16/2016
80,397,26,1,599.99,2/17/2016
96,1094,26,1,599.99,2/27/2016
104,7,26,1,599.99,3/3/2016
116,471,26,1,599.99,3/10/2016
117,740,26,1,599.99,3/10/2016
130,1049,26,1,599.99,3/19/2016
147,55,26,2,599.99,3/28/2016
151,926,26,1,599.99,3/29/2016
179,616,26,1,599.99,4/17/2016
203,1102,26,1,599.99,5/3/2016
219,1338,26,1,599.99,5/12/2016
232,1360,26,2,599.99,5/20/2016
237,1351,26,1,599.99,5/25/2016
248,1376,26,2,599.99,5/30/2016
259,413,26,1,599.99,6/6/2016
280,638,26,2,599.99,6/21/2016
286,59,26,2,599.99,6/25/2016
321,568,26,1,599.99,7/19/2016
323,1243,26,2,599.99,7/19/2016
329,274,26,2,599.99,7/24/2016
342,806,26,1,599.99,7/31/2016
360,1300,26,1,599.99,8/7/2016
367,527,26,2,599.99,8/14/2016
378,475,26,2,599.99,8/17/2016
385,1274,26,2,599.99,8/20/2016
402,1335,26,1,599.99,8/30/2016
411,261,26,2,599.99,9/2/2016
417,359,26,2,599.99,9/4/2016
427,434,26,2,599.99,9/9/2016
442,667,26,2,599.99,9/18/2016
443,1371,26,1,599.99,9/18/2016
449,492,26,2,599.99,9/21/2016
473,549,26,1,599.99,9/30/2016
475,241,26,2,599.99,10/1/2016
479,984,26,1,599.99,10/3/2016
485,465,26,2,599.99,10/6/2016
492,191,26,1,599.99,10/9/2016
493,796,26,1,599.99,10/9/2016
505,721,26,1,599.99,10/14/2016
520,639,26,1,599.99,10/23/2016
524,569,26,1,599.99,10/25/2016
537,1353,26,1,599.99,10/31/2016
540,1429,26,2,599.99,11/3/2016
543,62,26,2,599.99,11/6/2016
551,1169,26,1,599.99,11/12/2016
560,1405,26,2,599.99,11/18/2016
562,942,26,1,599.99,11/19/2016
574,833,26,1,599.99,11/26/2016
594,1318,26,1,599.99,12/7/2016
595,538,26,2,599.99,12/8/2016
600,624,26,2,599.99,12/9/2016
607,309,26,2,599.99,12/11/2016
610,711,26,1,599.99,12/13/2016
625,1163,26,1,599.99,12/25/2016
627,1119,26,1,599.99,12/25/2016
674,733,26,2,599.99,1/27/2017
707,79,26,2,599.99,2/9/2017
734,939,26,1,599.99,2/26/2017
798,619,26,2,599.99,3/26/2017
809,1222,26,1,599.99,3/31/2017
813,1203,26,2,599.99,4/1/2017
845,662,26,2,599.99,4/17/2017
880,1206,26,1,599.99,5/8/2017
888,1038,26,2,599.99,5/14/2017
900,971,26,2,599.99,5/20/2017
976,1266,26,2,599.99,6/25/2017
986,556,26,2,599.99,6/30/2017
998,219,26,2,599.99,7/12/2017
1007,1115,26,1,599.99,7/16/2017
1033,582,26,1,599.99,7/30/2017
1049,194,26,1,599.99,8/9/2017
1052,460,26,2,599.99,8/10/2017
1053,1439,26,2,599.99,8/10/2017
1201,201,26,1,599.99,10/23/2017
1210,730,26,1,599.99,10/26/2017
1227,702,26,1,599.99,11/4/2017
1247,426,26,1,599.99,11/16/2017
1255,375,26,2,599.99,11/19/2017
1315,931,26,1,599.99,12/25/2017
1502,83,26,2,599.99,4/6/2018
706,1271,27,1,999.99,2/9/2017
758,953,27,1,999.99,3/6/2017
832,1215,27,1,999.99,4/11/2017
840,372,27,1,999.99,4/15/2017
874,661,27,2,999.99,5/4/2017
977,400,27,1,999.99,6/26/2017
989,1145,27,1,999.99,7/2/2017
1030,161,27,1,999.99,7/29/2017
1031,1308,27,2,999.99,7/30/2017
1033,582,27,2,999.99,7/30/2017
1040,1225,27,2,999.99,8/4/2017
1186,1120,27,1,999.99,10/14/2017
1193,1412,27,1,999.99,10/17/2017
1242,303,27,1,999.99,11/11/2017
1267,467,27,1,999.99,11/25/2017
1287,279,27,2,999.99,12/7/2017
1311,1021,27,2,999.99,12/24/2017
1323,273,27,2,999.99,12/31/2017
1362,310,27,2,999.99,1/23/2018
1390,63,27,2,999.99,2/12/2018
1515,61,27,2,999.99,4/10/2018
670,361,28,1,2499.99,1/24/2017
710,295,28,1,2499.99,2/13/2017
749,255,28,1,2499.99,3/4/2017
765,1152,28,2,2499.99,3/9/2017
776,490,28,1,2499.99,3/13/2017
794,863,28,1,2499.99,3/23/2017
802,340,28,1,2499.99,3/28/2017
827,666,28,1,2499.99,4/7/2017
838,1395,28,1,2499.99,4/14/2017
880,1206,28,2,2499.99,5/8/2017
900,971,28,2,2499.99,5/20/2017
906,877,28,2,2499.99,5/23/2017
937,73,28,2,2499.99,6/11/2017
973,238,28,2,2499.99,6/24/2017
1024,837,28,2,2499.99,7/23/2017
1040,1225,28,2,2499.99,8/4/2017
1045,185,28,1,2499.99,8/7/2017
1047,116,28,2,2499.99,8/8/2017
1137,810,28,1,2499.99,9/20/2017
1247,426,28,2,2499.99,11/16/2017
1322,39,28,2,2499.99,12/31/2017
1325,68,28,1,2499.99,1/1/2018
1399,146,28,1,2499.99,2/16/2018
1402,1171,28,2,2499.99,2/19/2018
1428,195,28,1,2499.99,3/8/2018
1589,40,28,2,2499.99,4/27/2018
658,1051,29,1,999.99,1/17/2017
660,383,29,2,999.99,1/18/2017
676,790,29,1,999.99,1/28/2017
731,910,29,1,999.99,2/25/2017
760,1104,29,2,999.99,3/7/2017
767,564,29,1,999.99,3/9/2017
783,1343,29,1,999.99,3/16/2017
799,607,29,2,999.99,3/27/2017
857,1402,29,1,999.99,4/24/2017
944,138,29,2,999.99,6/14/2017
990,706,29,1,999.99,7/4/2017
1000,645,29,2,999.99,7/12/2017
1058,782,29,2,999.99,8/13/2017
1082,1327,29,2,999.99,8/20/2017
1118,1023,29,1,999.99,9/8/2017
1150,1183,29,1,999.99,9/28/2017
1161,41,29,2,999.99,10/1/2017
1167,900,29,2,999.99,10/4/2017
1206,222,29,1,999.99,10/26/2017
1264,113,29,2,999.99,11/24/2017
1336,904,29,2,999.99,1/9/2018
1435,744,29,1,999.99,3/14/2018
1605,123,29,1,999.99,7/1/2018
1607,33,29,1,999.99,7/11/2018
640,1093,30,1,999.99,1/6/2017
660,383,30,1,999.99,1/18/2017
671,922,30,1,999.99,1/25/2017
681,499,30,1,999.99,1/29/2017
686,380,30,1,999.99,2/1/2017
792,479,30,1,999.99,3/22/2017
802,340,30,1,999.99,3/28/2017
825,10,30,2,999.99,4/7/2017
851,1139,30,1,999.99,4/20/2017
871,358,30,2,999.99,5/2/2017
886,1396,30,1,999.99,5/13/2017
1019,408,30,1,999.99,7/22/2017
1060,182,30,2,999.99,8/15/2017
1084,2,30,1,999.99,8/21/2017
1088,1160,30,1,999.99,8/22/2017
1089,46,30,2,999.99,8/23/2017
1092,40,30,2,999.99,8/25/2017
1120,1269,30,2,999.99,9/10/2017
1142,554,30,1,999.99,9/23/2017
1151,708,30,2,999.99,9/29/2017
1257,1136,30,2,999.99,11/19/2017
1275,165,30,1,999.99,11/29/2017
693,1233,31,1,1632.99,2/5/2017
699,958,31,1,1632.99,2/6/2017
752,335,31,2,1632.99,3/5/2017
768,841,31,1,1632.99,3/9/2017
903,179,31,2,1632.99,5/22/2017
918,242,31,1,1632.99,5/30/2017
955,880,31,2,1632.99,6/17/2017
1080,1086,31,1,1632.99,8/19/2017
1095,1382,31,1,1632.99,8/26/2017
1120,1269,31,1,1632.99,9/10/2017
1157,24,31,2,1632.99,10/1/2017
1360,71,31,1,1632.99,1/22/2018
1415,839,31,2,1632.99,3/3/2018
640,1093,32,1,469.99,1/6/2017
675,291,32,1,469.99,1/28/2017
780,592,32,1,469.99,3/15/2017
805,420,32,1,469.99,3/29/2017
873,829,32,2,469.99,5/3/2017
891,384,32,1,469.99,5/15/2017
947,278,32,1,469.99,6/15/2017
996,915,32,1,469.99,7/11/2017
1046,1134,32,1,469.99,8/7/2017
1080,1086,32,2,469.99,8/19/2017
1125,945,32,2,469.99,9/14/2017
1199,318,32,1,469.99,10/23/2017
1218,1017,32,1,469.99,10/30/2017
1224,544,32,1,469.99,11/3/2017
1230,1107,32,2,469.99,11/5/2017
1236,243,32,2,469.99,11/8/2017
1271,734,32,2,469.99,11/27/2017
1278,980,32,1,469.99,12/1/2017
1283,85,32,1,469.99,12/4/2017
1308,713,32,1,469.99,12/22/2017
1384,1126,32,1,469.99,2/8/2018
1548,170,32,1,469.99,4/17/2018
656,949,33,2,469.99,1/16/2017
684,762,33,1,469.99,1/31/2017
689,884,33,2,469.99,2/2/2017
721,625,33,1,469.99,2/16/2017
744,166,33,2,469.99,3/1/2017
747,87,33,2,469.99,3/3/2017
773,1385,33,2,469.99,3/11/2017
805,420,33,2,469.99,3/29/2017
813,1203,33,2,469.99,4/1/2017
869,844,33,1,469.99,5/1/2017
888,1038,33,2,469.99,5/14/2017
974,511,33,2,469.99,6/24/2017
1022,353,33,1,469.99,7/23/2017
1063,198,33,2,469.99,8/16/2017
1083,1372,33,1,469.99,8/20/2017
1088,1160,33,1,469.99,8/22/2017
1126,1213,33,2,469.99,9/14/2017
1179,1150,33,2,469.99,10/12/2017
1244,333,33,1,469.99,11/12/2017
1248,1367,33,2,469.99,11/16/2017
1313,1294,33,1,469.99,12/25/2017
1527,13,33,1,469.99,4/12/2018
708,660,34,2,469.99,2/10/2017
737,694,34,1,469.99,2/27/2017
799,607,34,2,469.99,3/27/2017
865,974,34,1,469.99,4/29/2017
945,167,34,2,469.99,6/14/2017
991,751,34,1,469.99,7/6/2017
1003,503,34,2,469.99,7/14/2017
1092,40,34,1,469.99,8/25/2017
1239,1197,34,2,469.99,11/9/2017
1321,217,34,1,469.99,12/30/2017
1593,9,34,1,469.99,4/27/2018
712,173,35,1,832.99,2/13/2017
748,1072,35,2,832.99,3/3/2017
776,490,35,1,832.99,3/13/2017
891,384,35,2,832.99,5/15/2017
934,93,35,2,832.99,6/9/2017
942,537,35,2,832.99,6/13/2017
981,687,35,1,832.99,6/26/2017
988,436,35,1,832.99,7/2/2017
1028,1273,35,2,832.99,7/27/2017
1047,116,35,1,832.99,8/8/2017
1097,1311,35,2,832.99,8/27/2017
1105,747,35,2,832.99,9/1/2017
1155,865,35,1,832.99,9/30/2017
1182,1422,35,1,832.99,10/13/2017
1210,730,35,2,832.99,10/26/2017
1407,18,35,1,832.99,2/26/2018
1454,395,35,2,832.99,3/20/2018
753,1201,36,2,832.99,3/5/2017
769,946,36,2,832.99,3/9/2017
774,690,36,2,832.99,3/12/2017
802,340,36,2,832.99,3/28/2017
826,45,36,1,832.99,4/7/2017
859,644,36,2,832.99,4/25/2017
892,651,36,1,832.99,5/15/2017
904,1020,36,2,832.99,5/23/2017
924,68,36,1,832.99,6/2/2017
969,248,36,1,832.99,6/21/2017
981,687,36,2,832.99,6/26/2017
993,1415,36,2,832.99,7/9/2017
1004,1389,36,2,832.99,7/14/2017
1049,194,36,2,832.99,8/9/2017
1054,189,36,2,832.99,8/11/2017
1072,47,36,2,832.99,8/18/2017
1088,1160,36,2,832.99,8/22/2017
1132,351,36,2,832.99,9/19/2017
1134,978,36,1,832.99,9/19/2017
1146,757,36,1,832.99,9/25/2017
1187,486,36,2,832.99,10/15/2017
1229,89,36,2,832.99,11/5/2017
1239,1197,36,1,832.99,11/9/2017
1281,1060,36,1,832.99,12/2/2017
1290,967,36,1,832.99,12/8/2017
1407,18,36,2,832.99,2/26/2018
1586,176,36,1,832.99,4/26/2018
1600,90,36,1,832.99,4/29/2018
1610,15,36,1,832.99,8/25/2018
678,250,37,2,379.99,1/28/2017
850,1346,37,1,379.99,4/19/2017
864,902,37,1,379.99,4/28/2017
926,233,37,2,379.99,6/3/2017
994,419,37,2,379.99,7/9/2017
1019,408,37,1,379.99,7/22/2017
1048,777,37,1,379.99,8/8/2017
1117,334,37,2,379.99,9/8/2017
1127,494,37,1,379.99,9/15/2017
1157,24,37,2,379.99,10/1/2017
1192,1114,37,2,379.99,10/17/2017
1204,1277,37,2,379.99,10/25/2017
1212,213,37,2,379.99,10/27/2017
1244,333,37,2,379.99,11/12/2017
1262,509,37,1,379.99,11/23/2017
1492,41,37,2,379.99,4/4/2018
1508,92,37,1,379.99,4/8/2018
1542,58,37,2,379.99,4/16/2018
1565,60,37,1,379.99,4/21/2018
1602,55,37,1,379.99,4/30/2018
673,64,38,1,549.99,1/26/2017
738,124,38,2,549.99,2/28/2017
856,477,38,2,549.99,4/23/2017
859,644,38,2,549.99,4/25/2017
871,358,38,1,549.99,5/2/2017
902,1278,38,2,549.99,5/21/2017
914,1068,38,1,549.99,5/28/2017
935,43,38,1,549.99,6/10/2017
971,1426,38,1,549.99,6/22/2017
988,436,38,1,549.99,7/2/2017
1140,1063,38,2,549.99,9/21/2017
1161,41,38,1,549.99,10/1/2017
1221,1290,38,2,549.99,10/31/2017
1230,1107,38,2,549.99,11/5/2017
1244,333,38,2,549.99,11/12/2017
1293,1401,38,2,549.99,12/10/2017
1302,322,38,1,549.99,12/16/2017
1454,395,38,2,549.99,3/20/2018
659,1391,39,2,1499.99,1/17/2017
666,770,39,1,1499.99,1/21/2017
682,614,39,1,1499.99,1/29/2017
694,58,39,1,1499.99,2/5/2017
710,295,39,2,1499.99,2/13/2017
775,968,39,1,1499.99,3/12/2017
792,479,39,1,1499.99,3/22/2017
920,966,39,2,1499.99,5/30/2017
976,1266,39,1,1499.99,6/25/2017
1025,1304,39,1,1499.99,7/23/2017
1140,1063,39,2,1499.99,9/21/2017
1147,1344,39,2,1499.99,9/25/2017
1212,213,39,2,1499.99,10/27/2017
1385,866,39,2,1499.99,2/8/2018
1466,738,39,2,1499.99,3/26/2018
1507,85,39,2,1499.99,4/8/2018
698,543,40,2,4999.99,2/6/2017
718,38,40,2,4999.99,2/16/2017
749,255,40,1,4999.99,3/4/2017
785,794,40,1,4999.99,3/18/2017
802,340,40,1,4999.99,3/28/2017
812,1164,40,1,4999.99,4/1/2017
982,1423,40,2,4999.99,6/26/2017
1020,16,40,2,4999.99,7/23/2017
1029,407,40,1,4999.99,7/29/2017
1080,1086,40,1,4999.99,8/19/2017
1140,1063,40,2,4999.99,9/21/2017
1162,888,40,2,4999.99,10/1/2017
1189,1090,40,2,4999.99,10/15/2017
1191,186,40,2,4999.99,10/17/2017
1219,840,40,2,4999.99,10/30/2017
1238,998,40,1,4999.99,11/9/2017
1251,289,40,2,4999.99,11/17/2017
1345,1037,40,2,4999.99,1/14/2018
1482,94,40,1,4999.99,4/1/2018
1515,61,40,1,4999.99,4/10/2018
1592,6,40,2,4999.99,4/27/2018
663,344,41,2,1469.99,1/20/2017
748,1072,41,1,1469.99,3/3/2017
767,564,41,2,1469.99,3/9/2017
794,863,41,2,1469.99,3/23/2017
827,666,41,1,1469.99,4/7/2017
848,597,41,2,1469.99,4/18/2017
908,402,41,1,1469.99,5/25/2017
917,881,41,1,1469.99,5/29/2017
959,650,41,1,1469.99,6/18/2017
1028,1273,41,1,1469.99,7/27/2017
1046,1134,41,2,1469.99,8/7/2017
1107,1424,41,2,1469.99,9/2/2017
1122,1132,41,2,1469.99,9/12/2017
1157,24,41,1,1469.99,10/1/2017
1160,1262,41,1,1469.99,10/1/2017
1162,888,41,1,1469.99,10/1/2017
1257,1136,41,1,1469.99,11/19/2017
1265,950,41,2,1469.99,11/24/2017
1315,931,41,1,1469.99,12/25/2017
1390,63,41,2,1469.99,2/12/2018
1500,151,41,2,1469.99,4/6/2018
1511,25,41,1,1469.99,4/9/2018
1552,73,41,2,1469.99,4/17/2018
1560,57,41,1,1469.99,4/20/2018
645,1199,42,2,2299.99,1/8/2017
659,1391,42,2,2299.99,1/17/2017
665,29,42,2,2299.99,1/21/2017
710,295,42,1,2299.99,2/13/2017
770,135,42,1,2299.99,3/9/2017
776,490,42,2,2299.99,3/13/2017
798,619,42,1,2299.99,3/26/2017
842,1133,42,1,2299.99,4/15/2017
853,883,42,2,2299.99,4/21/2017
905,609,42,2,2299.99,5/23/2017
915,215,42,1,2299.99,5/28/2017
947,278,42,2,2299.99,6/15/2017
1112,798,42,1,2299.99,9/5/2017
1200,48,42,2,2299.99,10/23/2017
1221,1290,42,2,2299.99,10/31/2017
1226,226,42,1,2299.99,11/4/2017
1227,702,42,2,2299.99,11/4/2017
1261,435,42,1,2299.99,11/23/2017
1276,893,42,1,2299.99,11/30/2017
1306,28,42,1,2299.99,12/20/2017
1311,1021,42,1,2299.99,12/24/2017
1334,425,42,1,2299.99,1/7/2018
1439,463,42,1,2299.99,3/15/2018
1488,181,42,1,2299.99,4/3/2018
653,1249,43,1,5299.99,1/14/2017
755,531,43,2,5299.99,3/6/2017
761,1291,43,1,5299.99,3/7/2017
827,666,43,1,5299.99,4/7/2017
840,372,43,1,5299.99,4/15/2017
885,66,43,1,5299.99,5/13/2017
901,345,43,1,5299.99,5/21/2017
927,1438,43,1,5299.99,6/3/2017
951,339,43,2,5299.99,6/16/2017
955,880,43,1,5299.99,6/17/2017
1023,356,43,2,5299.99,7/23/2017
1055,140,43,2,5299.99,8/12/2017
1058,782,43,1,5299.99,8/13/2017
1104,268,43,1,5299.99,9/1/2017
1107,1424,43,1,5299.99,9/2/2017
1132,351,43,1,5299.99,9/19/2017
1216,886,43,1,5299.99,10/28/2017
1255,375,43,2,5299.99,11/19/2017
1262,509,43,2,5299.99,11/23/2017
1297,108,43,1,5299.99,12/14/2017
1347,247,43,2,5299.99,1/15/2018
1412,1043,43,1,5299.99,3/1/2018
1476,35,43,1,5299.99,3/31/2018
1505,22,43,2,5299.99,4/8/2018
1584,109,43,1,5299.99,4/26/2018
712,173,44,2,539.99,2/13/2017
818,1319,44,2,539.99,4/4/2017
883,507,44,1,539.99,5/11/2017
919,781,44,1,539.99,5/30/2017
936,265,44,1,539.99,6/10/2017
945,167,44,2,539.99,6/14/2017
947,278,44,1,539.99,6/15/2017
1009,1064,44,1,539.99,7/16/2017
1128,936,44,1,539.99,9/15/2017
1139,1006,44,2,539.99,9/21/2017
1164,1067,44,2,539.99,10/1/2017
1227,702,44,1,539.99,11/4/2017
1243,346,44,1,539.99,11/11/2017
1256,458,44,2,539.99,11/19/2017
1294,947,44,1,539.99,12/11/2017
1575,224,44,1,539.99,4/23/2018
670,361,45,2,869.99,1/24/2017
694,58,45,2,869.99,2/5/2017
696,1242,45,1,869.99,2/5/2017
703,417,45,2,869.99,2/8/2017
721,625,45,2,869.99,2/16/2017
742,433,45,1,869.99,2/28/2017
751,731,45,2,869.99,3/5/2017
811,524,45,2,869.99,4/1/2017
826,45,45,2,869.99,4/7/2017
832,1215,45,1,869.99,4/11/2017
853,883,45,1,869.99,4/21/2017
858,162,45,2,869.99,4/25/2017
893,1293,45,1,869.99,5/16/2017
898,352,45,2,869.99,5/20/2017
992,723,45,1,869.99,7/7/2017
994,419,45,1,869.99,7/9/2017
1001,354,45,2,869.99,7/13/2017
1014,748,45,2,869.99,7/19/2017
1050,239,45,2,869.99,8/9/2017
1068,453,45,2,869.99,8/17/2017
1093,326,45,2,869.99,8/25/2017
1108,735,45,2,869.99,9/3/2017
1124,275,45,2,869.99,9/13/2017
1244,333,45,1,869.99,11/12/2017
1246,1329,45,2,869.99,11/13/2017
1263,1408,45,1,869.99,11/23/2017
1267,467,45,1,869.99,11/25/2017
1301,1088,45,2,869.99,12/16/2017
1306,28,45,1,869.99,12/20/2017
1311,1021,45,2,869.99,12/24/2017
1545,67,45,1,869.99,4/17/2018
1584,109,45,2,869.99,4/26/2018
846,715,46,2,1409.99,4/17/2017
852,13,46,2,1409.99,4/21/2017
868,868,46,1,1409.99,5/1/2017
884,871,46,2,1409.99,5/11/2017
906,877,46,1,1409.99,5/23/2017
914,1068,46,1,1409.99,5/28/2017
1006,1070,46,1,1409.99,7/15/2017
1022,353,46,1,1409.99,7/23/2017
1051,209,46,1,1409.99,8/10/2017
1059,6,46,2,1409.99,8/14/2017
1066,106,46,1,1409.99,8/17/2017
1099,1128,46,1,1409.99,8/28/2017
1103,1394,46,2,1409.99,8/31/2017
1178,771,46,1,1409.99,10/12/2017
1205,1091,46,2,1409.99,10/26/2017
1246,1329,46,1,1409.99,11/13/2017
1441,982,46,1,1409.99,3/15/2018
1538,79,46,2,1409.99,4/15/2018
1558,63,46,2,1409.99,4/19/2018
645,1199,47,2,5299.99,1/8/2017
660,383,47,2,5299.99,1/18/2017
664,681,47,1,5299.99,1/20/2017
708,660,47,1,5299.99,2/10/2017
732,147,47,1,5299.99,2/26/2017
779,367,47,1,5299.99,3/15/2017
846,715,47,1,5299.99,4/17/2017
886,1396,47,1,5299.99,5/13/2017
961,82,47,2,5299.99,6/19/2017
973,238,47,2,5299.99,6/24/2017
1118,1023,47,2,5299.99,9/8/2017
1170,534,47,2,5299.99,10/5/2017
1220,803,47,2,5299.99,10/31/2017
1393,547,47,2,5299.99,2/14/2018
668,297,48,2,1499.99,1/22/2017
672,908,48,2,1499.99,1/26/2017
685,976,48,2,1499.99,1/31/2017
687,530,48,2,1499.99,2/2/2017
694,58,48,1,1499.99,2/5/2017
699,958,48,1,1499.99,2/6/2017
709,1162,48,1,1499.99,2/11/2017
788,1363,48,1,1499.99,3/18/2017
817,301,48,2,1499.99,4/4/2017
818,1319,48,2,1499.99,4/4/2017
844,1436,48,1,1499.99,4/16/2017
903,179,48,2,1499.99,5/22/2017
915,215,48,1,1499.99,5/28/2017
921,628,48,1,1499.99,5/31/2017
934,93,48,1,1499.99,6/9/2017
960,1390,48,2,1499.99,6/18/2017
970,836,48,2,1499.99,6/22/2017
1065,25,48,2,1499.99,8/17/2017
1075,1003,48,2,1499.99,8/19/2017
1143,1087,48,1,1499.99,9/24/2017
1149,787,48,1,1499.99,9/27/2017
1186,1120,48,2,1499.99,10/14/2017
1266,387,48,1,1499.99,11/25/2017
1327,1026,48,2,1499.99,1/2/2018
1377,1007,48,1,1499.99,2/1/2018
1395,1052,48,2,1499.99,2/15/2018
1461,139,48,1,1499.99,3/22/2018
1482,94,48,1,1499.99,4/1/2018
658,1051,49,2,3499.99,1/17/2017
731,910,49,1,3499.99,2/25/2017
862,1230,49,2,3499.99,4/27/2017
884,871,49,2,3499.99,5/11/2017
911,887,49,1,3499.99,5/26/2017
931,631,49,2,3499.99,6/7/2017
980,328,49,2,3499.99,6/26/2017
1021,125,49,2,3499.99,7/23/2017
1047,116,49,1,3499.99,8/8/2017
1053,1439,49,2,3499.99,8/10/2017
1064,898,49,1,3499.99,8/16/2017
1068,453,49,2,3499.99,8/17/2017
1115,1100,49,2,3499.99,9/7/2017
1122,1132,49,2,3499.99,9/12/2017
1182,1422,49,2,3499.99,10/13/2017
1186,1120,49,1,3499.99,10/14/2017
1220,803,49,1,3499.99,10/31/2017
1281,1060,49,2,3499.99,12/2/2017
1484,35,49,2,3499.99,4/2/2018
1556,4,49,2,3499.99,4/18/2018
1579,104,49,1,3499.99,4/24/2018
1598,239,49,2,3499.99,4/29/2018
664,681,50,1,5999.99,1/20/2017
680,245,50,1,5999.99,1/29/2017
715,12,50,1,5999.99,2/15/2017
804,95,50,2,5999.99,3/29/2017
881,1024,50,1,5999.99,5/8/2017
887,1195,50,2,5999.99,5/13/2017
891,384,50,1,5999.99,5/15/2017
892,651,50,2,5999.99,5/15/2017
901,345,50,1,5999.99,5/21/2017
927,1438,50,1,5999.99,6/3/2017
945,167,50,2,5999.99,6/14/2017
1080,1086,50,1,5999.99,8/19/2017
1095,1382,50,2,5999.99,8/26/2017
1115,1100,50,2,5999.99,9/7/2017
1118,1023,50,1,5999.99,9/8/2017
1179,1150,50,1,5999.99,10/12/2017
1271,734,50,2,5999.99,11/27/2017
1282,320,50,2,5999.99,12/3/2017
1468,3,50,2,5999.99,3/27/2018
1529,50,50,2,5999.99,4/12/2018
672,908,51,2,6499.99,1/26/2017
787,700,51,2,6499.99,3/18/2017
837,948,51,1,6499.99,4/13/2017
904,1020,51,2,6499.99,5/23/2017
930,1224,51,2,6499.99,6/5/2017
937,73,51,2,6499.99,6/11/2017
958,1276,51,1,6499.99,6/18/2017
987,172,51,2,6499.99,7/2/2017
1003,503,51,2,6499.99,7/14/2017
1101,379,51,1,6499.99,8/29/2017
1117,334,51,2,6499.99,9/8/2017
1135,1347,51,1,6499.99,9/19/2017
1168,1031,51,1,6499.99,10/4/2017
1169,1421,51,1,6499.99,10/4/2017
1224,544,51,1,6499.99,11/3/2017
1226,226,51,1,6499.99,11/4/2017
1297,108,51,2,6499.99,12/14/2017
1463,692,51,2,6499.99,3/23/2018
1533,28,51,1,6499.99,4/13/2018
657,349,52,1,875.99,1/17/2017
664,681,52,2,875.99,1/20/2017
678,250,52,2,875.99,1/28/2017
737,694,52,1,875.99,2/27/2017
761,1291,52,2,875.99,3/7/2017
800,1057,52,1,875.99,3/27/2017
803,1105,52,2,875.99,3/28/2017
890,171,52,1,875.99,5/15/2017
960,1390,52,1,875.99,6/18/2017
977,400,52,2,875.99,6/26/2017
979,1190,52,1,875.99,6/26/2017
982,1423,52,1,875.99,6/26/2017
1019,408,52,1,875.99,7/22/2017
1081,1106,52,2,875.99,8/19/2017
1114,1036,52,1,875.99,9/6/2017
1195,229,52,1,875.99,10/19/2017
1262,509,52,1,875.99,11/23/2017
1264,113,52,1,875.99,11/24/2017
1280,123,52,1,875.99,12/1/2017
1295,37,52,1,875.99,12/11/2017
1299,1216,52,2,875.99,12/15/2017
1314,1027,52,1,875.99,12/25/2017
1352,1433,52,2,875.99,1/16/2018
1445,515,52,1,875.99,3/17/2018
1489,194,52,1,875.99,4/3/2018
1508,92,52,2,875.99,4/8/2018
638,1302,53,2,749.99,1/4/2017
643,901,53,1,749.99,1/8/2017
713,207,53,1,749.99,2/13/2017
765,1152,53,1,749.99,3/9/2017
804,95,53,1,749.99,3/29/2017
822,294,53,1,749.99,4/6/2017
872,394,53,1,749.99,5/3/2017
1122,1132,53,1,749.99,9/12/2017
1163,934,53,2,749.99,10/1/2017
1187,486,53,2,749.99,10/15/2017
1196,508,53,1,749.99,10/19/2017
1255,375,53,1,749.99,11/19/2017
1307,1384,53,2,749.99,12/22/2017
1347,247,53,1,749.99,1/15/2018
1398,1383,53,1,749.99,2/16/2018
1431,308,53,1,749.99,3/11/2018
1481,62,53,2,749.99,4/1/2018
657,349,54,2,3199.99,1/17/2017
677,809,54,2,3199.99,1/28/2017
791,432,54,1,3199.99,3/20/2017
797,374,54,2,3199.99,3/24/2017
800,1057,54,1,3199.99,3/27/2017
811,524,54,1,3199.99,4/1/2017
832,1215,54,1,3199.99,4/11/2017
834,890,54,1,3199.99,4/12/2017
970,836,54,2,3199.99,6/22/2017
1130,69,54,2,3199.99,9/18/2017
1216,886,54,1,3199.99,10/28/2017
1270,1388,54,1,3199.99,11/26/2017
1308,713,54,1,3199.99,12/22/2017
1310,444,54,1,3199.99,12/24/2017
1425,126,54,2,3199.99,3/7/2018
1559,42,54,2,3199.99,4/20/2018
1562,88,54,1,3199.99,4/20/2018
662,1125,55,2,2699.99,1/19/2017
671,922,55,1,2699.99,1/25/2017
691,1081,55,2,2699.99,2/4/2017
694,58,55,2,2699.99,2/5/2017
709,1162,55,2,2699.99,2/11/2017
724,864,55,1,2699.99,2/19/2017
733,832,55,1,2699.99,2/26/2017
764,701,55,1,2699.99,3/9/2017
828,246,55,2,2699.99,4/9/2017
839,1332,55,1,2699.99,4/15/2017
869,844,55,2,2699.99,5/1/2017
949,867,55,2,2699.99,6/16/2017
979,1190,55,1,2699.99,6/26/2017
1029,407,55,1,2699.99,7/29/2017
1036,1442,55,2,2699.99,7/30/2017
1043,1235,55,2,2699.99,8/6/2017
1118,1023,55,2,2699.99,9/8/2017
1119,749,55,2,2699.99,9/10/2017
1189,1090,55,1,2699.99,10/15/2017
1203,1191,55,1,2699.99,10/25/2017
1228,1041,55,2,2699.99,11/4/2017
1233,462,55,1,2699.99,11/6/2017
1237,571,55,2,2699.99,11/9/2017
1329,443,55,1,2699.99,1/4/2018
1449,330,55,1,2699.99,3/18/2018
1558,63,55,1,2699.99,4/19/2018
638,1302,56,1,5499.99,1/4/2017
684,762,56,1,5499.99,1/31/2017
685,976,56,2,5499.99,1/31/2017
692,2,56,2,5499.99,2/5/2017
717,1312,56,2,5499.99,2/15/2017
728,1138,56,1,5499.99,2/20/2017
736,184,56,2,5499.99,2/27/2017
741,119,56,2,5499.99,2/28/2017
792,479,56,1,5499.99,3/22/2017
810,153,56,1,5499.99,4/1/2017
823,415,56,2,5499.99,4/6/2017
874,661,56,1,5499.99,5/4/2017
930,1224,56,2,5499.99,6/5/2017
934,93,56,2,5499.99,6/9/2017
946,525,56,2,5499.99,6/14/2017
950,142,56,1,5499.99,6/16/2017
1006,1070,56,2,5499.99,7/15/2017
1091,1260,56,1,5499.99,8/24/2017
1105,747,56,2,5499.99,9/1/2017
1110,912,56,1,5499.99,9/4/2017
1129,663,56,1,5499.99,9/17/2017
1234,19,56,2,5499.99,11/7/2017
1251,289,56,1,5499.99,11/17/2017
1277,227,56,2,5499.99,12/1/2017
1302,322,56,2,5499.99,12/16/2017
1308,713,56,1,5499.99,12/22/2017
1341,1258,56,2,5499.99,1/12/2018
1526,59,56,1,5499.99,4/12/2018
695,606,57,2,1999.99,2/5/2017
710,295,57,1,1999.99,2/13/2017
755,531,57,2,1999.99,3/6/2017
781,1018,57,2,1999.99,3/15/2017
782,1298,57,1,1999.99,3/15/2017
882,196,57,2,1999.99,5/9/2017
898,352,57,2,1999.99,5/20/2017
952,355,57,1,1999.99,6/16/2017
1020,16,57,2,1999.99,7/23/2017
1240,903,57,1,1999.99,11/10/2017
1252,110,57,2,1999.99,11/18/2017
1291,1284,57,1,1999.99,12/9/2017
1396,856,57,1,1999.99,2/15/2018
1443,972,57,1,1999.99,3/16/2018
1527,13,57,2,1999.99,4/12/2018
665,29,58,1,4999.99,1/21/2017
728,1138,58,1,4999.99,2/20/2017
741,119,58,1,4999.99,2/28/2017
774,690,58,2,4999.99,3/12/2017
799,607,58,2,4999.99,3/27/2017
839,1332,58,2,4999.99,4/15/2017
853,883,58,2,4999.99,4/21/2017
860,473,58,2,4999.99,4/27/2017
937,73,58,2,4999.99,6/11/2017
993,1415,58,1,4999.99,7/9/2017
1001,354,58,1,4999.99,7/13/2017
1126,1213,58,1,4999.99,9/14/2017
1137,810,58,2,4999.99,9/20/2017
1149,787,58,1,4999.99,9/27/2017
1152,1244,58,1,4999.99,9/29/2017
1169,1421,58,2,4999.99,10/4/2017
1175,292,58,2,4999.99,10/9/2017
1273,1268,58,1,4999.99,11/27/2017
1275,165,58,1,4999.99,11/29/2017
1276,893,58,1,4999.99,11/30/2017
1291,1284,58,2,4999.99,12/9/2017
1300,824,58,2,4999.99,12/15/2017
1348,1214,58,2,4999.99,1/15/2018
1365,689,58,1,4999.99,1/25/2018
1468,3,58,1,4999.99,3/27/2018
1482,94,58,2,4999.99,4/1/2018
660,383,59,2,2599.99,1/18/2017
685,976,59,1,2599.99,1/31/2017
692,2,59,1,2599.99,2/5/2017
730,500,59,2,2599.99,2/21/2017
785,794,59,2,2599.99,3/18/2017
899,605,59,2,2599.99,5/20/2017
951,339,59,1,2599.99,6/16/2017
985,461,59,1,2599.99,6/30/2017
1014,748,59,1,2599.99,7/19/2017
1074,11,59,1,2599.99,8/19/2017
1087,675,59,2,2599.99,8/22/2017
1211,19,59,1,2599.99,10/27/2017
1225,768,59,2,2599.99,11/4/2017
1268,774,59,2,2599.99,11/26/2017
1298,533,59,1,2599.99,12/14/2017
1310,444,59,1,2599.99,12/24/2017
1471,1310,59,2,2599.99,3/28/2018
1597,56,59,1,2599.99,4/28/2018
682,614,60,2,1559.99,1/29/2017
706,1271,60,1,1559.99,2/9/2017
710,295,60,2,1559.99,2/13/2017
793,653,60,1,1559.99,3/23/2017
930,1224,60,1,1559.99,6/5/2017
987,172,60,2,1559.99,7/2/2017
1013,174,60,2,1559.99,7/19/2017
1032,429,60,2,1559.99,7/30/2017
1046,1134,60,1,1559.99,8/7/2017
1055,140,60,1,1559.99,8/12/2017
1077,412,60,2,1559.99,8/19/2017
1078,793,60,2,1559.99,8/19/2017
1084,2,60,1,1559.99,8/21/2017
1105,747,60,1,1559.99,9/1/2017
1131,1178,60,2,1559.99,9/18/2017
1154,789,60,1,1559.99,9/30/2017
1236,243,60,1,1559.99,11/8/2017
1259,4,60,1,1559.99,11/21/2017
1342,1393,60,1,1559.99,1/12/2018
1357,440,60,1,1559.99,1/20/2018
1435,744,60,1,1559.99,3/14/2018
1486,84,60,2,1559.99,4/2/2018
1491,82,60,2,1559.99,4/4/2018
1612,3,60,1,1559.99,10/21/2018
639,550,61,2,4999.99,1/6/2017
659,1391,61,2,4999.99,1/17/2017
681,499,61,1,4999.99,1/29/2017
705,1196,61,1,4999.99,2/8/2017
715,12,61,2,4999.99,2/15/2017
847,329,61,2,4999.99,4/18/2017
900,971,61,2,4999.99,5/20/2017
934,93,61,1,4999.99,6/9/2017
968,1403,61,2,4999.99,6/21/2017
981,687,61,1,4999.99,6/26/2017
1041,70,61,2,4999.99,8/4/2017
1060,182,61,2,4999.99,8/15/2017
1083,1372,61,1,4999.99,8/20/2017
1123,598,61,2,4999.99,9/13/2017
1129,663,61,2,4999.99,9/17/2017
1229,89,61,2,4999.99,11/5/2017
1233,462,61,2,4999.99,11/6/2017
1249,545,61,1,4999.99,11/17/2017
1257,1136,61,1,4999.99,11/19/2017
1283,85,61,2,4999.99,12/4/2017
1295,37,61,1,4999.99,12/11/2017
1344,916,61,1,4999.99,1/13/2018
1434,595,61,2,4999.99,3/14/2018
1513,32,61,2,4999.99,4/10/2018
1566,72,61,2,4999.99,4/21/2018
641,673,62,1,3499.99,1/7/2017
652,985,62,2,3499.99,1/12/2017
704,1137,62,1,3499.99,2/8/2017
725,870,62,2,3499.99,2/19/2017
736,184,62,2,3499.99,2/27/2017
790,1015,62,2,3499.99,3/19/2017
797,374,62,2,3499.99,3/24/2017
805,420,62,2,3499.99,3/29/2017
861,1177,62,1,3499.99,4/27/2017
872,394,62,2,3499.99,5/3/2017
905,609,62,2,3499.99,5/23/2017
925,1316,62,2,3499.99,6/2/2017
946,525,62,1,3499.99,6/14/2017
951,339,62,2,3499.99,6/16/2017
1133,517,62,1,3499.99,9/19/2017
1170,534,62,2,3499.99,10/5/2017
1177,21,62,2,3499.99,10/12/2017
1219,840,62,2,3499.99,10/30/2017
1224,544,62,1,3499.99,11/3/2017
1249,545,62,1,3499.99,11/17/2017
1263,1408,62,1,3499.99,11/23/2017
1287,279,62,2,3499.99,12/7/2017
1288,778,62,2,3499.99,12/7/2017
1318,75,62,2,3499.99,12/27/2017
1548,170,62,2,3499.99,4/17/2018
661,626,63,2,3499.99,1/18/2017
681,499,63,1,3499.99,1/29/2017
700,4,63,1,3499.99,2/7/2017
738,124,63,1,3499.99,2/28/2017
767,564,63,1,3499.99,3/9/2017
799,607,63,1,3499.99,3/27/2017
844,1436,63,2,3499.99,4/16/2017
870,1416,63,1,3499.99,5/1/2017
882,196,63,2,3499.99,5/9/2017
929,472,63,2,3499.99,6/5/2017
955,880,63,1,3499.99,6/17/2017
972,270,63,1,3499.99,6/23/2017
983,1158,63,1,3499.99,6/27/2017
1065,25,63,1,3499.99,8/17/2017
1163,934,63,2,3499.99,10/1/2017
1183,216,63,1,3499.99,10/14/2017
1185,960,63,2,3499.99,10/14/2017
1280,123,63,1,3499.99,12/1/2017
1303,878,63,2,3499.99,12/16/2017
1373,427,63,1,3499.99,1/29/2018
1587,231,63,2,3499.99,4/26/2018
641,673,64,1,489.99,1/7/2017
718,38,64,2,489.99,2/16/2017
726,969,64,1,489.99,2/19/2017
756,1143,64,1,489.99,3/6/2017
778,56,64,1,489.99,3/15/2017
816,811,64,2,489.99,4/3/2017
881,1024,64,2,489.99,5/8/2017
915,215,64,1,489.99,5/28/2017
962,570,64,2,489.99,6/19/2017
980,328,64,1,489.99,6/26/2017
1012,620,64,1,489.99,7/18/2017
1040,1225,64,1,489.99,8/4/2017
1085,305,64,1,489.99,8/21/2017
1088,1160,64,1,489.99,8/22/2017
1099,1128,64,1,489.99,8/28/2017
1146,757,64,1,489.99,9/25/2017
1213,669,64,2,489.99,10/27/2017
1216,886,64,2,489.99,10/28/2017
1288,778,64,2,489.99,12/7/2017
1581,188,64,1,489.99,4/25/2018
734,939,65,2,346.99,2/26/2017
758,953,65,2,346.99,3/6/2017
765,1152,65,1,346.99,3/9/2017
774,690,65,1,346.99,3/12/2017
800,1057,65,2,346.99,3/27/2017
814,629,65,1,346.99,4/2/2017
835,940,65,2,346.99,4/13/2017
838,1395,65,2,346.99,4/14/2017
864,902,65,2,346.99,4/28/2017
869,844,65,2,346.99,5/1/2017
890,171,65,2,346.99,5/15/2017
907,120,65,1,346.99,5/24/2017
930,1224,65,2,346.99,6/5/2017
935,43,65,2,346.99,6/10/2017
959,650,65,1,346.99,6/18/2017
961,82,65,2,346.99,6/19/2017
962,570,65,2,346.99,6/19/2017
971,1426,65,2,346.99,6/22/2017
1000,645,65,2,346.99,7/12/2017
1006,1070,65,1,346.99,7/15/2017
1022,353,65,1,346.99,7/23/2017
1036,1442,65,2,346.99,7/30/2017
1037,1229,65,2,346.99,7/31/2017
1083,1372,65,2,346.99,8/20/2017
1084,2,65,2,346.99,8/21/2017
1123,598,65,2,346.99,9/13/2017
1128,936,65,2,346.99,9/15/2017
1165,652,65,2,346.99,10/2/2017
1175,292,65,1,346.99,10/9/2017
1208,1226,65,2,346.99,10/26/2017
1309,821,65,1,346.99,12/22/2017
1343,594,65,2,346.99,1/13/2018
1383,488,65,2,346.99,2/7/2018
1519,26,65,1,346.99,4/11/2018
1579,104,65,2,346.99,4/24/2018
673,64,66,1,250.99,1/26/2017
703,417,66,2,250.99,2/8/2017
753,1201,66,1,250.99,3/5/2017
787,700,66,2,250.99,3/18/2017
811,524,66,1,250.99,4/1/2017
876,1046,66,2,250.99,5/5/2017
880,1206,66,1,250.99,5/8/2017
911,887,66,2,250.99,5/26/2017
937,73,66,1,250.99,6/11/2017
957,722,66,1,250.99,6/17/2017
967,1323,66,1,250.99,6/21/2017
994,419,66,1,250.99,7/9/2017
1025,1304,66,2,250.99,7/23/2017
1085,305,66,2,250.99,8/21/2017
1111,930,66,2,250.99,9/4/2017
1180,1065,66,2,250.99,10/13/2017
1188,647,66,2,250.99,10/15/2017
1250,1188,66,2,250.99,11/17/2017
1260,1117,66,1,250.99,11/22/2017
1324,862,66,1,250.99,1/1/2018
1341,1258,66,2,250.99,1/12/2018
1363,860,66,2,250.99,1/24/2018
1368,765,66,1,250.99,1/27/2018
1562,88,66,1,250.99,4/20/2018
652,985,67,2,250.99,1/12/2017
655,347,67,1,250.99,1/16/2017
731,910,67,2,250.99,2/25/2017
754,646,67,2,250.99,3/6/2017
831,1000,67,1,250.99,4/11/2017
866,1410,67,2,250.99,4/29/2017
881,1024,67,1,250.99,5/8/2017
890,171,67,1,250.99,5/15/2017
893,1293,67,2,250.99,5/16/2017
905,609,67,1,250.99,5/23/2017
1086,220,67,1,250.99,8/21/2017
1154,789,67,2,250.99,9/30/2017
1214,783,67,2,250.99,10/28/2017
1312,311,67,2,250.99,12/25/2017
1440,859,67,2,250.99,3/15/2018
1501,52,67,1,250.99,4/6/2018
642,847,68,2,449.99,1/7/2017
794,863,68,1,449.99,3/23/2017
831,1000,68,1,449.99,4/11/2017
922,656,68,1,449.99,5/31/2017
970,836,68,1,449.99,6/22/2017
983,1158,68,1,449.99,6/27/2017
984,1287,68,1,449.99,6/27/2017
996,915,68,2,449.99,7/11/2017
1006,1070,68,1,449.99,7/15/2017
1011,495,68,2,449.99,7/18/2017
1029,407,68,2,449.99,7/29/2017
1053,1439,68,1,449.99,8/10/2017
1155,865,68,2,449.99,9/30/2017
1165,652,68,1,449.99,10/2/2017
1167,900,68,1,449.99,10/4/2017
1173,548,68,1,449.99,10/8/2017
1212,213,68,2,449.99,10/27/2017
1268,774,68,2,449.99,11/26/2017
1510,16,68,1,449.99,4/9/2018
671,922,69,1,416.99,1/25/2017
797,374,69,1,416.99,3/24/2017
814,629,69,2,416.99,4/2/2017
884,871,69,2,416.99,5/11/2017
898,352,69,2,416.99,5/20/2017
944,138,69,2,416.99,6/14/2017
977,400,69,2,416.99,6/26/2017
1020,16,69,2,416.99,7/23/2017
1137,810,69,2,416.99,9/20/2017
1139,1006,69,1,416.99,9/21/2017
1143,1087,69,2,416.99,9/24/2017
1285,262,69,2,416.99,12/4/2017
1307,1384,69,2,416.99,12/22/2017
1308,713,69,1,416.99,12/22/2017
1311,1021,69,1,416.99,12/24/2017
1313,1294,69,1,416.99,12/25/2017
1398,1383,69,2,416.99,2/16/2018
1576,12,69,1,416.99,4/23/2018
659,1391,70,1,659.99,1/17/2017
676,790,70,1,659.99,1/28/2017
728,1138,70,1,659.99,2/20/2017
811,524,70,1,659.99,4/1/2017
821,1181,70,2,659.99,4/5/2017
887,1195,70,1,659.99,5/13/2017
936,265,70,1,659.99,6/10/2017
944,138,70,2,659.99,6/14/2017
957,722,70,2,659.99,6/17/2017
971,1426,70,2,659.99,6/22/2017
989,1145,70,1,659.99,7/2/2017
999,590,70,2,659.99,7/12/2017
1079,812,70,2,659.99,8/19/2017
1084,2,70,1,659.99,8/21/2017
1089,46,70,2,659.99,8/23/2017
1104,268,70,2,659.99,9/1/2017
1231,1180,70,1,659.99,11/5/2017
1242,303,70,1,659.99,11/11/2017
1292,285,70,1,659.99,12/10/2017
1323,273,70,1,659.99,12/31/2017
1429,1116,70,2,659.99,3/8/2018
1465,623,70,2,659.99,3/25/2018
663,344,71,1,416.99,1/20/2017
735,20,71,2,416.99,2/27/2017
776,490,71,1,416.99,3/13/2017
813,1203,71,2,416.99,4/1/2017
846,715,71,1,416.99,4/17/2017
859,644,71,2,416.99,4/25/2017
912,519,71,2,416.99,5/27/2017
928,957,71,2,416.99,6/5/2017
973,238,71,1,416.99,6/24/2017
979,1190,71,2,416.99,6/26/2017
1008,1345,71,1,416.99,7/16/2017
1094,828,71,1,416.99,8/25/2017
1112,798,71,2,416.99,9/5/2017
1129,663,71,2,416.99,9/17/2017
1140,1063,71,2,416.99,9/21/2017
1161,41,71,2,416.99,10/1/2017
1184,369,71,1,416.99,10/14/2017
1190,34,71,1,416.99,10/16/2017
1194,192,71,1,416.99,10/19/2017
1205,1091,71,1,416.99,10/26/2017
1234,19,71,2,416.99,11/7/2017
1241,1170,71,2,416.99,11/10/2017
1272,935,71,2,416.99,11/27/2017
1423,1231,71,1,416.99,3/6/2018
1540,187,71,2,416.99,4/16/2018
1602,55,71,2,416.99,4/30/2018
639,550,72,1,619.99,1/6/2017
669,745,72,1,619.99,1/23/2017
703,417,72,1,619.99,2/8/2017
711,1246,72,2,619.99,2/13/2017
750,232,72,1,619.99,3/4/2017
784,430,72,2,619.99,3/16/2017
822,294,72,1,619.99,4/6/2017
843,1059,72,1,619.99,4/16/2017
846,715,72,2,619.99,4/17/2017
948,618,72,2,619.99,6/15/2017
959,650,72,1,619.99,6/18/2017
1001,354,72,1,619.99,7/13/2017
1030,161,72,1,619.99,7/29/2017
1063,198,72,2,619.99,8/16/2017
1067,225,72,2,619.99,8/17/2017
1078,793,72,2,619.99,8/19/2017
1109,23,72,2,619.99,9/3/2017
1122,1132,72,1,619.99,9/12/2017
1265,950,72,2,619.99,11/24/2017
1280,123,72,2,619.99,12/1/2017
1314,1027,72,2,619.99,12/25/2017
1605,123,72,1,619.99,7/1/2018
639,550,73,1,749.99,1/6/2017
721,625,73,2,749.99,2/16/2017
774,690,73,1,749.99,3/12/2017
845,662,73,2,749.99,4/17/2017
858,162,73,2,749.99,4/25/2017
874,661,73,1,749.99,5/4/2017
877,784,73,1,749.99,5/6/2017
922,656,73,1,749.99,5/31/2017
956,1184,73,2,749.99,6/17/2017
960,1390,73,2,749.99,6/18/2017
966,389,73,1,749.99,6/20/2017
1015,799,73,2,749.99,7/19/2017
1053,1439,73,2,749.99,8/10/2017
1076,42,73,2,749.99,8/19/2017
1206,222,73,1,749.99,10/26/2017
1215,807,73,2,749.99,10/28/2017
1217,1155,73,1,749.99,10/28/2017
1261,435,73,1,749.99,11/23/2017
1288,778,73,1,749.99,12/7/2017
1303,878,73,1,749.99,12/16/2017
652,985,74,1,439.99,1/12/2017
712,173,74,2,439.99,2/13/2017
754,646,74,2,439.99,3/6/2017
797,374,74,1,439.99,3/24/2017
923,769,74,2,439.99,5/31/2017
927,1438,74,2,439.99,6/3/2017
932,804,74,1,439.99,6/7/2017
964,404,74,1,439.99,6/20/2017
969,248,74,1,439.99,6/21/2017
1037,1229,74,2,439.99,7/31/2017
1067,225,74,2,439.99,8/17/2017
1085,305,74,1,439.99,8/21/2017
1090,1427,74,1,439.99,8/24/2017
1158,889,74,1,439.99,10/1/2017
1177,21,74,1,439.99,10/12/2017
1212,213,74,1,439.99,10/27/2017
1241,1170,74,1,439.99,11/10/2017
1280,123,74,1,439.99,12/1/2017
1293,1401,74,2,439.99,12/10/2017
677,809,75,1,599.99,1/28/2017
692,2,75,1,599.99,2/5/2017
724,864,75,1,599.99,2/19/2017
793,653,75,2,599.99,3/23/2017
816,811,75,2,599.99,4/3/2017
843,1059,75,2,599.99,4/16/2017
845,662,75,1,599.99,4/17/2017
921,628,75,2,599.99,5/31/2017
933,909,75,2,599.99,6/7/2017
940,585,75,2,599.99,6/12/2017
1231,1180,75,2,599.99,11/5/2017
1281,1060,75,1,599.99,12/2/2017
1290,967,75,2,599.99,12/8/2017
1299,1216,75,1,599.99,12/15/2017
1313,1294,75,1,599.99,12/25/2017
1319,604,75,1,599.99,12/27/2017
1535,19,75,2,599.99,4/14/2018
1582,240,75,1,599.99,4/25/2018
640,1093,76,2,299.99,1/6/2017
712,173,76,1,299.99,2/13/2017
741,119,76,1,299.99,2/28/2017
768,841,76,1,299.99,3/9/2017
812,1164,76,2,299.99,4/1/2017
902,1278,76,2,299.99,5/21/2017
920,966,76,1,299.99,5/30/2017
931,631,76,1,299.99,6/7/2017
935,43,76,2,299.99,6/10/2017
956,1184,76,2,299.99,6/17/2017
958,1276,76,1,299.99,6/18/2017
1007,1115,76,1,299.99,7/16/2017
1016,1417,76,2,299.99,7/19/2017
1018,290,76,2,299.99,7/22/2017
1036,1442,76,1,299.99,7/30/2017
1078,793,76,2,299.99,8/19/2017
1316,846,76,2,299.99,12/26/2017
1460,1131,76,1,299.99,3/21/2018
725,870,77,2,799.99,2/19/2017
737,694,77,2,799.99,2/27/2017
767,564,77,2,799.99,3/9/2017
806,234,77,2,799.99,3/30/2017
874,661,77,2,799.99,5/4/2017
921,628,77,1,799.99,5/31/2017
933,909,77,1,799.99,6/7/2017
967,1323,77,2,799.99,6/21/2017
1017,168,77,2,799.99,7/20/2017
1083,1372,77,2,799.99,8/20/2017
1148,1379,77,2,799.99,9/25/2017
1155,865,77,2,799.99,9/30/2017
1178,771,77,1,799.99,10/12/2017
1214,783,77,2,799.99,10/28/2017
1226,226,77,2,799.99,11/4/2017
1240,903,77,2,799.99,11/10/2017
1262,509,77,1,799.99,11/23/2017
1264,113,77,2,799.99,11/24/2017
1310,444,77,2,799.99,12/24/2017
1344,916,77,2,799.99,1/13/2018
1469,1135,77,2,799.99,3/27/2018
649,1153,78,1,647.99,1/10/2017
727,962,78,1,647.99,2/19/2017
745,698,78,1,647.99,3/1/2017
750,232,78,2,647.99,3/4/2017
759,284,78,1,647.99,3/7/2017
809,1222,78,1,647.99,3/31/2017
834,890,78,1,647.99,4/12/2017
920,966,78,1,647.99,5/30/2017
985,461,78,2,647.99,6/30/2017
986,556,78,1,647.99,6/30/2017
1047,116,78,1,647.99,8/8/2017
1095,1382,78,2,647.99,8/26/2017
1164,1067,78,1,647.99,10/1/2017
1172,1339,78,2,647.99,10/7/2017
1210,730,78,2,647.99,10/26/2017
1213,669,78,1,647.99,10/27/2017
1246,1329,78,2,647.99,11/13/2017
1250,1188,78,2,647.99,11/17/2017
1276,893,78,2,647.99,11/30/2017
1285,262,78,2,647.99,12/4/2017
1333,203,78,1,647.99,1/6/2018
1364,122,78,1,647.99,1/25/2018
1397,920,78,2,647.99,2/15/2018
1458,1029,78,2,647.99,3/20/2018
1533,28,78,1,647.99,4/13/2018
1540,187,78,1,647.99,4/16/2018
1587,231,78,2,647.99,4/26/2018
651,190,79,1,402.99,1/11/2017
667,858,79,1,402.99,1/22/2017
716,672,79,1,402.99,2/15/2017
730,500,79,1,402.99,2/21/2017
749,255,79,1,402.99,3/4/2017
844,1436,79,2,402.99,4/16/2017
956,1184,79,2,402.99,6/17/2017
991,751,79,1,402.99,7/6/2017
993,1415,79,2,402.99,7/9/2017
1002,1418,79,1,402.99,7/14/2017
1046,1134,79,1,402.99,8/7/2017
1187,486,79,1,402.99,10/15/2017
1205,1091,79,2,402.99,10/26/2017
1252,110,79,1,402.99,11/18/2017
1542,58,79,1,402.99,4/16/2018
1594,45,79,2,402.99,4/28/2018
653,1249,80,1,761.99,1/14/2017
743,137,80,1,761.99,3/1/2017
755,531,80,2,761.99,3/6/2017
786,249,80,1,761.99,3/18/2017
866,1410,80,1,761.99,4/29/2017
920,966,80,2,761.99,5/30/2017
977,400,80,2,761.99,6/26/2017
987,172,80,1,761.99,7/2/2017
1104,268,80,1,761.99,9/1/2017
1183,216,80,2,761.99,10/14/2017
1185,960,80,1,761.99,10/14/2017
1254,1098,80,1,761.99,11/18/2017
1304,1409,80,1,761.99,12/16/2017
1422,599,80,2,761.99,3/5/2018
680,245,81,2,1099.99,1/29/2017
740,1113,81,1,1099.99,2/28/2017
747,87,81,1,1099.99,3/3/2017
764,701,81,2,1099.99,3/9/2017
823,415,81,1,1099.99,4/6/2017
842,1133,81,2,1099.99,4/15/2017
843,1059,81,1,1099.99,4/16/2017
983,1158,81,2,1099.99,6/27/2017
984,1287,81,2,1099.99,6/27/2017
1005,266,81,2,1099.99,7/15/2017
1014,748,81,2,1099.99,7/19/2017
1073,911,81,1,1099.99,8/18/2017
1086,220,81,2,1099.99,8/21/2017
1125,945,81,2,1099.99,9/14/2017
1167,900,81,2,1099.99,10/4/2017
1169,1421,81,2,1099.99,10/4/2017
1221,1290,81,2,1099.99,10/31/2017
1225,768,81,1,1099.99,11/4/2017
1274,1364,81,1,1099.99,11/28/2017
1283,85,81,1,1099.99,12/4/2017
1286,1033,81,2,1099.99,12/4/2017
1306,28,81,2,1099.99,12/20/2017
1382,1303,81,2,1099.99,2/6/2018
1438,263,81,2,1099.99,3/15/2018
681,499,82,1,659.99,1/29/2017
695,606,82,2,659.99,2/5/2017
699,958,82,2,659.99,2/6/2017
727,962,82,2,659.99,2/19/2017
738,124,82,2,659.99,2/28/2017
806,234,82,2,659.99,3/30/2017
835,940,82,1,659.99,4/13/2017
879,214,82,1,659.99,5/8/2017
929,472,82,1,659.99,6/5/2017
930,1224,82,1,659.99,6/5/2017
943,1025,82,1,659.99,6/13/2017
1017,168,82,2,659.99,7/20/2017
1068,453,82,1,659.99,8/17/2017
1147,1344,82,1,659.99,9/25/2017
1148,1379,82,1,659.99,9/25/2017
1168,1031,82,1,659.99,10/4/2017
1255,375,82,1,659.99,11/19/2017
1317,418,82,1,659.99,12/27/2017
1318,75,82,2,659.99,12/27/2017
1359,1008,82,1,659.99,1/21/2018
1393,547,82,1,659.99,2/14/2018
1480,27,82,2,659.99,4/1/2018
1556,4,82,1,659.99,4/18/2018
656,949,83,1,149.99,1/16/2017
679,81,83,2,149.99,1/29/2017
687,530,83,1,149.99,2/2/2017
748,1072,83,2,149.99,3/3/2017
803,1105,83,2,149.99,3/28/2017
814,629,83,2,149.99,4/2/2017
844,1436,83,2,149.99,4/16/2017
879,214,83,2,149.99,5/8/2017
928,957,83,1,149.99,6/5/2017
960,1390,83,2,149.99,6/18/2017
1002,1418,83,1,149.99,7/14/2017
1038,1281,83,1,149.99,7/31/2017
1055,140,83,2,149.99,8/12/2017
1072,47,83,1,149.99,8/18/2017
1193,1412,83,2,149.99,10/17/2017
667,858,84,1,109.99,1/22/2017
690,1097,84,1,109.99,2/3/2017
701,850,84,1,109.99,2/7/2017
733,832,84,1,109.99,2/26/2017
734,939,84,2,109.99,2/26/2017
907,120,84,2,109.99,5/24/2017
989,1145,84,2,109.99,7/2/2017
1037,1229,84,2,109.99,7/31/2017
1137,810,84,2,109.99,9/20/2017
1194,192,84,1,109.99,10/19/2017
1202,593,84,2,109.99,10/24/2017
1210,730,84,1,109.99,10/26/2017
1252,110,84,1,109.99,11/18/2017
1334,425,84,2,109.99,1/7/2018
1472,114,84,1,109.99,3/29/2018
1473,302,84,2,109.99,3/30/2018
636,532,85,2,329.99,1/3/2017
651,190,85,1,329.99,1/11/2017
667,858,85,1,329.99,1/22/2017
690,1097,85,1,329.99,2/3/2017
778,56,85,1,329.99,3/15/2017
779,367,85,1,329.99,3/15/2017
808,315,85,1,329.99,3/31/2017
813,1203,85,2,329.99,4/1/2017
817,301,85,1,329.99,4/4/2017
830,431,85,2,329.99,4/11/2017
839,1332,85,1,329.99,4/15/2017
862,1230,85,1,329.99,4/27/2017
944,138,85,2,329.99,6/14/2017
946,525,85,2,329.99,6/14/2017
970,836,85,1,329.99,6/22/2017
1007,1115,85,2,329.99,7/16/2017
1149,787,85,1,329.99,9/27/2017
1220,803,85,2,329.99,10/31/2017
1305,257,85,1,329.99,12/17/2017
1389,491,85,2,329.99,2/11/2018
1519,26,85,2,329.99,4/11/2018
747,87,86,1,149.99,3/3/2017
823,415,86,2,149.99,4/6/2017
922,656,86,1,149.99,5/31/2017
997,485,86,2,149.99,7/11/2017
1080,1086,86,1,149.99,8/19/2017
1156,869,86,1,149.99,9/30/2017
1162,888,86,1,149.99,10/1/2017
1208,1226,86,2,149.99,10/26/2017
1272,935,86,1,149.99,11/27/2017
1352,1433,86,2,149.99,1/16/2018
1353,502,86,2,149.99,1/17/2018
1452,287,86,2,149.99,3/20/2018
1541,10,86,2,149.99,4/16/2018
1550,39,86,2,149.99,4/17/2018
1580,191,86,2,149.99,4/24/2018
815,1251,87,2,189.99,4/3/2017
837,948,87,2,189.99,4/13/2017
854,177,87,1,189.99,4/22/2017
967,1323,87,1,189.99,6/21/2017
968,1403,87,1,189.99,6/21/2017
986,556,87,1,189.99,6/30/2017
1068,453,87,2,189.99,8/17/2017
1074,11,87,1,189.99,8/19/2017
1112,798,87,2,189.99,9/5/2017
1176,1111,87,1,189.99,10/10/2017
1188,647,87,2,189.99,10/15/2017
1208,1226,87,1,189.99,10/26/2017
1233,462,87,2,189.99,11/6/2017
1237,571,87,2,189.99,11/9/2017
1268,774,87,2,189.99,11/26/2017
1271,734,87,2,189.99,11/27/2017
1286,1033,87,1,189.99,12/4/2017
1309,821,87,2,189.99,12/22/2017
1392,1187,87,2,189.99,2/13/2018
653,1249,88,2,189.99,1/14/2017
686,380,88,2,189.99,2/1/2017
688,343,88,1,189.99,2/2/2017
696,1242,88,2,189.99,2/5/2017
771,671,88,1,189.99,3/11/2017
845,662,88,1,189.99,4/17/2017
848,597,88,2,189.99,4/18/2017
866,1410,88,1,189.99,4/29/2017
892,651,88,1,189.99,5/15/2017
955,880,88,1,189.99,6/17/2017
966,389,88,1,189.99,6/20/2017
983,1158,88,1,189.99,6/27/2017
1011,495,88,1,189.99,7/18/2017
1098,752,88,1,189.99,8/28/2017
1144,1414,88,1,189.99,9/24/2017
1162,888,88,1,189.99,10/1/2017
1179,1150,88,2,189.99,10/12/2017
1192,1114,88,2,189.99,10/17/2017
1253,44,88,1,189.99,11/18/2017
1261,435,88,2,189.99,11/23/2017
1293,1401,88,2,189.99,12/10/2017
1508,92,88,1,189.99,4/8/2018
1598,239,88,1,189.99,4/29/2018
675,291,89,2,209.99,1/28/2017
804,95,89,2,209.99,3/29/2017
855,775,89,1,209.99,4/22/2017
900,971,89,1,209.99,5/20/2017
1017,168,89,1,209.99,7/20/2017
1025,1304,89,1,209.99,7/23/2017
1041,70,89,1,209.99,8/4/2017
1072,47,89,2,209.99,8/18/2017
1074,11,89,2,209.99,8/19/2017
1099,1128,89,2,209.99,8/28/2017
1126,1213,89,2,209.99,9/14/2017
1191,186,89,2,209.99,10/17/2017
1209,1342,89,1,209.99,10/26/2017
1289,1292,89,1,209.99,12/8/2017
1370,115,89,2,209.99,1/28/2018
1384,1126,89,1,209.99,2/8/2018
1453,601,89,2,209.99,3/20/2018
1553,30,89,1,209.99,4/18/2018
649,1153,90,1,209.99,1/10/2017
725,870,90,1,209.99,2/19/2017
763,842,90,1,209.99,3/8/2017
779,367,90,2,209.99,3/15/2017
798,619,90,1,209.99,3/26/2017
841,428,90,2,209.99,4/15/2017
913,699,90,2,209.99,5/27/2017
964,404,90,1,209.99,6/20/2017
965,457,90,2,209.99,6/20/2017
995,621,90,1,209.99,7/11/2017
1093,326,90,2,209.99,8/25/2017
1133,517,90,2,209.99,9/19/2017
1227,702,90,2,209.99,11/4/2017
1266,387,90,1,209.99,11/25/2017
1296,231,90,1,209.99,12/14/2017
1316,846,90,1,209.99,12/26/2017
1400,987,90,1,209.99,2/17/2018
1444,1154,90,1,209.99,3/16/2018
677,809,91,2,349.99,1/28/2017
725,870,91,1,349.99,2/19/2017
728,1138,91,1,349.99,2/20/2017
731,910,91,1,349.99,2/25/2017
790,1015,91,1,349.99,3/19/2017
798,619,91,2,349.99,3/26/2017
806,234,91,2,349.99,3/30/2017
896,376,91,2,349.99,5/19/2017
911,887,91,2,349.99,5/26/2017
918,242,91,1,349.99,5/30/2017
990,706,91,1,349.99,7/4/2017
1018,290,91,1,349.99,7/22/2017
1023,356,91,1,349.99,7/23/2017
1024,837,91,1,349.99,7/23/2017
1102,1317,91,1,349.99,8/29/2017
1115,1100,91,2,349.99,9/7/2017
1117,334,91,1,349.99,9/8/2017
1150,1183,91,1,349.99,9/28/2017
1152,1244,91,2,349.99,9/29/2017
1169,1421,91,2,349.99,10/4/2017
1188,647,91,2,349.99,10/15/2017
1236,243,91,1,349.99,11/8/2017
1239,1197,91,1,349.99,11/9/2017
1254,1098,91,1,349.99,11/18/2017
1305,257,91,2,349.99,12/17/2017
1319,604,91,1,349.99,12/27/2017
1476,35,91,2,349.99,3/31/2018
1596,21,91,1,349.99,4/28/2018
714,805,92,2,209.99,2/14/2017
718,38,92,2,209.99,2/16/2017
773,1385,92,1,209.99,3/11/2017
783,1343,92,1,209.99,3/16/2017
809,1222,92,2,209.99,3/31/2017
824,993,92,2,209.99,4/7/2017
902,1278,92,1,209.99,5/21/2017
904,1020,92,2,209.99,5/23/2017
916,718,92,1,209.99,5/28/2017
948,618,92,2,209.99,6/15/2017
1037,1229,92,1,209.99,7/31/2017
1120,1269,92,2,209.99,9/10/2017
1171,826,92,2,209.99,10/5/2017
1205,1091,92,1,209.99,10/26/2017
1211,19,92,1,209.99,10/27/2017
1228,1041,92,1,209.99,11/4/2017
1248,1367,92,1,209.99,11/16/2017
1290,967,92,2,209.99,12/8/2017
1318,75,92,1,209.99,12/27/2017
1340,1066,92,2,209.99,1/12/2018
1393,547,92,1,209.99,2/14/2018
1416,566,92,2,209.99,3/3/2018
1480,27,92,2,209.99,4/1/2018
1535,19,92,1,209.99,4/14/2018
1565,60,92,1,209.99,4/21/2018
1575,224,92,2,209.99,4/23/2018
713,207,93,2,209.99,2/13/2017
716,672,93,2,209.99,2/15/2017
717,1312,93,1,209.99,2/15/2017
759,284,93,2,209.99,3/7/2017
789,772,93,2,209.99,3/19/2017
806,234,93,2,209.99,3/30/2017
848,597,93,1,209.99,4/18/2017
851,1139,93,1,209.99,4/20/2017
855,775,93,2,209.99,4/22/2017
863,446,93,2,209.99,4/28/2017
1019,408,93,2,209.99,7/22/2017
1069,493,93,1,209.99,8/17/2017
1119,749,93,2,209.99,9/10/2017
1120,1269,93,1,209.99,9/10/2017
1138,254,93,1,209.99,9/21/2017
1179,1150,93,2,209.99,10/12/2017
1211,19,93,1,209.99,10/27/2017
1277,227,93,2,209.99,12/1/2017
1285,262,93,1,209.99,12/4/2017
1320,244,93,1,209.99,12/28/2017
1332,256,93,2,209.99,1/6/2018
1403,452,93,2,209.99,2/21/2018
1425,126,93,1,209.99,3/7/2018
1543,76,93,1,209.99,4/16/2018
1588,11,93,2,209.99,4/26/2018
651,190,94,2,249.99,1/11/2017
663,344,94,1,249.99,1/20/2017
740,1113,94,2,249.99,2/28/2017
783,1343,94,1,249.99,3/16/2017
819,221,94,1,249.99,4/4/2017
908,402,94,1,249.99,5/25/2017
945,167,94,2,249.99,6/14/2017
1041,70,94,2,249.99,8/4/2017
1048,777,94,1,249.99,8/8/2017
1070,596,94,1,249.99,8/17/2017
1120,1269,94,1,249.99,9/10/2017
1148,1379,94,2,249.99,9/25/2017
1149,787,94,1,249.99,9/27/2017
1171,826,94,2,249.99,10/5/2017
1199,318,94,2,249.99,10/23/2017
1242,303,94,1,249.99,11/11/2017
1248,1367,94,2,249.99,11/16/2017
1258,1099,94,2,249.99,11/20/2017
1314,1027,94,1,249.99,12/25/2017
646,975,95,1,299.99,1/9/2017
654,1129,95,1,299.99,1/14/2017
662,1125,95,2,299.99,1/19/2017
687,530,95,1,299.99,2/2/2017
711,1246,95,2,299.99,2/13/2017
745,698,95,2,299.99,3/1/2017
753,1201,95,1,299.99,3/5/2017
757,1336,95,1,299.99,3/6/2017
764,701,95,2,299.99,3/9/2017
793,653,95,2,299.99,3/23/2017
795,992,95,2,299.99,3/23/2017
800,1057,95,2,299.99,3/27/2017
860,473,95,2,299.99,4/27/2017
880,1206,95,1,299.99,5/8/2017
981,687,95,2,299.99,6/26/2017
1008,1345,95,1,299.99,7/16/2017
1009,1064,95,2,299.99,7/16/2017
1027,588,95,2,299.99,7/26/2017
1076,42,95,1,299.99,8/19/2017
1111,930,95,1,299.99,9/4/2017
1158,889,95,2,299.99,10/1/2017
1173,548,95,1,299.99,10/8/2017
1201,201,95,1,299.99,10/23/2017
1237,571,95,2,299.99,11/9/2017
1267,467,95,1,299.99,11/25/2017
1273,1268,95,2,299.99,11/27/2017
1294,947,95,2,299.99,12/11/2017
1491,82,95,2,299.99,4/4/2018
1522,78,95,1,299.99,4/12/2018
1565,60,95,1,299.99,4/21/2018
1585,157,95,1,299.99,4/26/2018
672,908,96,2,349.99,1/26/2017
698,543,96,1,349.99,2/6/2017
730,500,96,2,349.99,2/21/2017
808,315,96,2,349.99,3/31/2017
813,1203,96,2,349.99,4/1/2017
830,431,96,2,349.99,4/11/2017
876,1046,96,1,349.99,5/5/2017
897,47,96,1,349.99,5/20/2017
955,880,96,1,349.99,6/17/2017
1024,837,96,2,349.99,7/23/2017
1035,1283,96,1,349.99,7/30/2017
1050,239,96,2,349.99,8/9/2017
1106,1009,96,1,349.99,9/2/2017
1127,494,96,2,349.99,9/15/2017
1303,878,96,1,349.99,12/16/2017
1307,1384,96,2,349.99,12/22/2017
1378,983,96,2,349.99,2/2/2018
1487,33,96,2,349.99,4/3/2018
1533,28,96,1,349.99,4/13/2018
1609,10,96,1,349.99,8/23/2018
649,1153,97,2,349.99,1/10/2017
654,1129,97,2,349.99,1/14/2017
713,207,97,2,349.99,2/13/2017
806,234,97,1,349.99,3/30/2017
837,948,97,1,349.99,4/13/2017
924,68,97,2,349.99,6/2/2017
925,1316,97,1,349.99,6/2/2017
1014,748,97,1,349.99,7/19/2017
1018,290,97,2,349.99,7/22/2017
1040,1225,97,1,349.99,8/4/2017
1044,1270,97,2,349.99,8/7/2017
1057,456,97,1,349.99,8/12/2017
1091,1260,97,1,349.99,8/24/2017
1115,1100,97,2,349.99,9/7/2017
1134,978,97,1,349.99,9/19/2017
1209,1342,97,1,349.99,10/26/2017
1221,1290,97,2,349.99,10/31/2017
1222,482,97,1,349.99,11/1/2017
1384,1126,97,1,349.99,2/8/2018
1543,76,97,2,349.99,4/16/2018
1591,165,97,2,349.99,4/27/2018
1593,9,97,2,349.99,4/27/2018
666,770,98,2,489.99,1/21/2017
685,976,98,2,489.99,1/31/2017
881,1024,98,1,489.99,5/8/2017
942,537,98,2,489.99,6/13/2017
1024,837,98,2,489.99,7/23/2017
1057,456,98,2,489.99,8/12/2017
1084,2,98,2,489.99,8/21/2017
1097,1311,98,2,489.99,8/27/2017
1149,787,98,2,489.99,9/27/2017
1181,1022,98,1,489.99,10/13/2017
1450,296,98,1,489.99,3/19/2018
1486,84,98,1,489.99,4/2/2018
645,1199,99,1,299.99,1/8/2017
667,858,99,1,299.99,1/22/2017
682,614,99,1,299.99,1/29/2017
746,391,99,1,299.99,3/2/2017
758,953,99,1,299.99,3/6/2017
782,1298,99,1,299.99,3/15/2017
795,992,99,2,299.99,3/23/2017
853,883,99,1,299.99,4/21/2017
862,1230,99,1,299.99,4/27/2017
989,1145,99,1,299.99,7/2/2017
993,1415,99,2,299.99,7/9/2017
1005,266,99,1,299.99,7/15/2017
1011,495,99,2,299.99,7/18/2017
1050,239,99,2,299.99,8/9/2017
1097,1311,99,1,299.99,8/27/2017
1143,1087,99,1,299.99,9/24/2017
1238,998,99,2,299.99,11/9/2017
1258,1099,99,2,299.99,11/20/2017
1304,1409,99,2,299.99,12/16/2017
1320,244,99,2,299.99,12/28/2017
1333,203,99,2,299.99,1/6/2018
1343,594,99,1,299.99,1/13/2018
1452,287,99,2,299.99,3/20/2018
1490,217,99,1,299.99,4/3/2018
704,1137,100,2,489.99,2/8/2017
707,79,100,1,489.99,2/9/2017
719,200,100,1,489.99,2/16/2017
789,772,100,2,489.99,3/19/2017
810,153,100,1,489.99,4/1/2017
814,629,100,1,489.99,4/2/2017
830,431,100,2,489.99,4/11/2017
838,1395,100,2,489.99,4/14/2017
841,428,100,1,489.99,4/15/2017
848,597,100,2,489.99,4/18/2017
879,214,100,2,489.99,5/8/2017
942,537,100,1,489.99,6/13/2017
972,270,100,1,489.99,6/23/2017
1002,1418,100,1,489.99,7/14/2017
1017,168,100,1,489.99,7/20/2017
1063,198,100,2,489.99,8/16/2017
1108,735,100,1,489.99,9/3/2017
1142,554,100,2,489.99,9/23/2017
1191,186,100,1,489.99,10/17/2017
1221,1290,100,1,489.99,10/31/2017
1256,458,100,1,489.99,11/19/2017
1261,435,100,1,489.99,11/23/2017
1268,774,100,1,489.99,11/26/2017
1287,279,100,2,489.99,12/7/2017
1352,1433,100,1,489.99,1/16/2018
1469,1135,100,2,489.99,3/27/2018
1478,392,100,2,489.99,3/31/2018
1521,53,100,1,489.99,4/12/2018
664,681,101,2,339.99,1/20/2017
709,1162,101,2,339.99,2/11/2017
729,897,101,2,339.99,2/20/2017
779,367,101,1,339.99,3/15/2017
801,78,101,1,339.99,3/28/2017
850,1346,101,2,339.99,4/19/2017
867,97,101,1,339.99,5/1/2017
894,1320,101,2,339.99,5/16/2017
912,519,101,1,339.99,5/27/2017
948,618,101,1,339.99,6/15/2017
992,723,101,2,339.99,7/7/2017
995,621,101,1,339.99,7/11/2017
1015,799,101,2,339.99,7/19/2017
1034,895,101,1,339.99,7/30/2017
1055,140,101,2,339.99,8/12/2017
1135,1347,101,2,339.99,9/19/2017
1226,226,101,1,339.99,11/4/2017
1238,998,101,1,339.99,11/9/2017
1264,113,101,1,339.99,11/24/2017
1284,128,101,1,339.99,12/4/2017
1299,1216,101,1,339.99,12/15/2017
1300,824,101,2,339.99,12/15/2017
1443,972,101,2,339.99,3/16/2018
1455,405,101,2,339.99,3/20/2018
1559,42,101,2,339.99,4/20/2018
1612,3,101,2,339.99,10/21/2018
651,190,102,2,489.99,1/11/2017
652,985,102,1,489.99,1/12/2017
662,1125,102,2,489.99,1/19/2017
721,625,102,1,489.99,2/16/2017
724,864,102,1,489.99,2/19/2017
733,832,102,2,489.99,2/26/2017
762,572,102,2,489.99,3/8/2017
803,1105,102,1,489.99,3/28/2017
815,1251,102,2,489.99,4/3/2017
821,1181,102,1,489.99,4/5/2017
906,877,102,2,489.99,5/23/2017
908,402,102,2,489.99,5/25/2017
941,736,102,2,489.99,6/12/2017
992,723,102,1,489.99,7/7/2017
1025,1304,102,1,489.99,7/23/2017
1076,42,102,1,489.99,8/19/2017
1087,675,102,2,489.99,8/22/2017
1189,1090,102,2,489.99,10/15/2017
1213,669,102,2,489.99,10/27/2017
1218,1017,102,2,489.99,10/30/2017
1304,1409,102,1,489.99,12/16/2017
1330,761,102,2,489.99,1/4/2018
1439,463,102,2,489.99,3/15/2018
1473,302,102,1,489.99,3/30/2018
1553,30,102,1,489.99,4/18/2018
638,1302,103,1,551.99,1/4/2017
694,58,103,2,551.99,2/5/2017
763,842,103,1,551.99,3/8/2017
770,135,103,1,551.99,3/9/2017
772,448,103,1,551.99,3/11/2017
810,153,103,2,551.99,4/1/2017
818,1319,103,1,551.99,4/4/2017
829,674,103,1,551.99,4/9/2017
846,715,103,2,551.99,4/17/2017
877,784,103,1,551.99,5/6/2017
878,224,103,1,551.99,5/7/2017
942,537,103,1,551.99,6/13/2017
967,1323,103,1,551.99,6/21/2017
1052,460,103,1,551.99,8/10/2017
1058,782,103,1,551.99,8/13/2017
1065,25,103,2,551.99,8/17/2017
1131,1178,103,2,551.99,9/18/2017
1153,720,103,1,551.99,9/30/2017
1164,1067,103,2,551.99,10/1/2017
1166,286,103,2,551.99,10/3/2017
1173,548,103,2,551.99,10/8/2017
1207,1002,103,1,551.99,10/26/2017
1223,1207,103,1,551.99,11/2/2017
1278,980,103,2,551.99,12/1/2017
1287,279,103,1,551.99,12/7/2017
1306,28,103,2,551.99,12/20/2017
1344,916,103,2,551.99,1/13/2018
1527,13,103,1,551.99,4/12/2018
670,361,104,2,481.99,1/24/2017
676,790,104,2,481.99,1/28/2017
686,380,104,1,481.99,2/1/2017
693,1233,104,2,481.99,2/5/2017
702,1352,104,1,481.99,2/8/2017
722,1399,104,2,481.99,2/18/2017
1024,837,104,1,481.99,7/23/2017
1045,185,104,2,481.99,8/7/2017
1119,749,104,1,481.99,9/10/2017
1150,1183,104,2,481.99,9/28/2017
1172,1339,104,1,481.99,10/7/2017
1207,1002,104,1,481.99,10/26/2017
1249,545,104,1,481.99,11/17/2017
1297,108,104,2,481.99,12/14/2017
1315,931,104,2,481.99,12/25/2017
1320,244,104,1,481.99,12/28/2017
1322,39,104,2,481.99,12/31/2017
1390,63,104,1,481.99,2/12/2018
1587,231,104,1,481.99,4/26/2018
1599,49,104,2,481.99,4/29/2018
677,809,105,2,533.99,1/28/2017
753,1201,105,2,533.99,3/5/2017
815,1251,105,2,533.99,4/3/2017
817,301,105,2,533.99,4/4/2017
829,674,105,2,533.99,4/9/2017
890,171,105,2,533.99,5/15/2017
897,47,105,1,533.99,5/20/2017
945,167,105,1,533.99,6/14/2017
961,82,105,1,533.99,6/19/2017
997,485,105,2,533.99,7/11/2017
998,219,105,1,533.99,7/12/2017
1057,456,105,1,533.99,8/12/2017
1101,379,105,1,533.99,8/29/2017
1108,735,105,1,533.99,9/3/2017
1136,1050,105,1,533.99,9/20/2017
1138,254,105,2,533.99,9/21/2017
1145,617,105,2,533.99,9/25/2017
1194,192,105,2,533.99,10/19/2017
1198,1289,105,1,533.99,10/22/2017
1205,1091,105,2,533.99,10/26/2017
1301,1088,105,2,533.99,12/16/2017
1458,1029,105,1,533.99,3/20/2018
1568,192,105,1,533.99,4/21/2018
1594,45,105,1,533.99,4/28/2018
1609,10,105,1,533.99,8/23/2018
637,512,106,2,449.99,1/3/2017
640,1093,106,2,449.99,1/6/2017
662,1125,106,2,449.99,1/19/2017
663,344,106,1,449.99,1/20/2017
699,958,106,2,449.99,2/6/2017
707,79,106,2,449.99,2/9/2017
840,372,106,2,449.99,4/15/2017
869,844,106,2,449.99,5/1/2017
871,358,106,1,449.99,5/2/2017
885,66,106,1,449.99,5/13/2017
895,857,106,1,449.99,5/18/2017
911,887,106,1,449.99,5/26/2017
914,1068,106,1,449.99,5/28/2017
978,1123,106,2,449.99,6/26/2017
999,590,106,1,449.99,7/12/2017
1007,1115,106,2,449.99,7/16/2017
1097,1311,106,2,449.99,8/27/2017
1103,1394,106,1,449.99,8/31/2017
1113,388,106,1,449.99,9/6/2017
1139,1006,106,2,449.99,9/21/2017
1174,1109,106,1,449.99,10/8/2017
1186,1120,106,1,449.99,10/14/2017
1197,269,106,2,449.99,10/21/2017
1217,1155,106,2,449.99,10/28/2017
1387,11,106,1,449.99,2/9/2018
1547,169,106,2,449.99,4/17/2018
1585,157,106,2,449.99,4/26/2018
685,976,107,1,416.99,1/31/2017
742,433,107,2,416.99,2/28/2017
820,725,107,1,416.99,4/5/2017
821,1181,107,1,416.99,4/5/2017
871,358,107,2,416.99,5/2/2017
876,1046,107,2,416.99,5/5/2017
891,384,107,2,416.99,5/15/2017
939,1407,107,2,416.99,6/11/2017
1094,828,107,1,416.99,8/25/2017
1168,1031,107,2,416.99,10/4/2017
1240,903,107,2,416.99,11/10/2017
1321,217,107,1,416.99,12/30/2017
1329,443,107,1,416.99,1/4/2018
1353,502,107,2,416.99,1/17/2018
1544,5,107,2,416.99,4/17/2018
1593,9,107,1,416.99,4/27/2018
670,361,108,1,449.99,1/24/2017
713,207,108,2,449.99,2/13/2017
723,845,108,1,449.99,2/19/2017
827,666,108,1,449.99,4/7/2017
836,455,108,2,449.99,4/13/2017
882,196,108,2,449.99,5/9/2017
900,971,108,1,449.99,5/20/2017
937,73,108,2,449.99,6/11/2017
957,722,108,2,449.99,6/17/2017
978,1123,108,2,449.99,6/26/2017
1028,1273,108,1,449.99,7/27/2017
1031,1308,108,2,449.99,7/30/2017
1086,220,108,1,449.99,8/21/2017
1142,554,108,2,449.99,9/23/2017
1178,771,108,1,449.99,10/12/2017
1197,269,108,2,449.99,10/21/2017
1211,19,108,2,449.99,10/27/2017
1224,544,108,1,449.99,11/3/2017
1267,467,108,1,449.99,11/25/2017
1303,878,108,1,449.99,12/16/2017
1543,76,108,2,449.99,4/16/2018
640,1093,109,2,416.99,1/6/2017
671,922,109,2,416.99,1/25/2017
690,1097,109,2,416.99,2/3/2017
758,953,109,1,416.99,3/6/2017
781,1018,109,2,416.99,3/15/2017
849,776,109,1,416.99,4/19/2017
865,974,109,2,416.99,4/29/2017
1010,8,109,2,416.99,7/18/2017
1033,582,109,2,416.99,7/30/2017
1069,493,109,1,416.99,8/17/2017
1087,675,109,2,416.99,8/22/2017
1124,275,109,2,416.99,9/13/2017
1142,554,109,2,416.99,9/23/2017
1199,318,109,2,416.99,10/23/2017
1286,1033,109,2,416.99,12/4/2017
1412,1043,109,2,416.99,3/1/2018
1440,859,109,1,416.99,3/15/2018
1452,287,109,2,416.99,3/20/2018
1464,1279,109,2,416.99,3/24/2018
1508,92,109,1,416.99,4/8/2018
654,1129,110,2,470.99,1/14/2017
747,87,110,1,470.99,3/3/2017
770,135,110,1,470.99,3/9/2017
942,537,110,2,470.99,6/13/2017
975,1092,110,2,470.99,6/25/2017
982,1423,110,1,470.99,6/26/2017
1070,596,110,1,470.99,8/17/2017
1121,143,110,2,470.99,9/11/2017
1174,1109,110,2,470.99,10/8/2017
1216,886,110,2,470.99,10/28/2017
1232,665,110,2,470.99,11/6/2017
1298,533,110,2,470.99,12/14/2017
1364,122,110,1,470.99,1/25/2018
1378,983,110,1,470.99,2/2/2018
1470,505,110,2,470.99,3/28/2018
1499,120,110,1,470.99,4/6/2018
716,672,111,2,470.99,2/15/2017
720,382,111,1,470.99,2/16/2017
766,141,111,1,470.99,3/9/2017
803,1105,111,1,470.99,3/28/2017
875,386,111,1,470.99,5/5/2017
957,722,111,1,470.99,6/17/2017
984,1287,111,1,470.99,6/27/2017
1000,645,111,1,470.99,7/12/2017
1001,354,111,1,470.99,7/13/2017
1028,1273,111,2,470.99,7/27/2017
1062,1210,111,2,470.99,8/15/2017
1075,1003,111,2,470.99,8/19/2017
1156,869,111,2,470.99,9/30/2017
1269,1236,111,1,470.99,11/26/2017
1282,320,111,1,470.99,12/3/2017
1318,75,111,1,470.99,12/27/2017
1457,1411,111,1,470.99,3/20/2018
1577,48,111,2,470.99,4/23/2018
1401,15,112,1,379.99,2/18/2018
1404,1240,112,2,379.99,2/23/2018
1595,71,112,1,379.99,4/28/2018
1368,765,113,2,489.99,1/27/2018
1406,1053,113,1,489.99,2/25/2018
1423,1231,113,2,489.99,3/6/2018
1457,1411,113,1,489.99,3/20/2018
1482,94,113,1,489.99,4/1/2018
1486,84,113,1,489.99,4/2/2018
1408,1172,114,1,579.99,2/26/2018
1601,43,114,2,579.99,4/29/2018
1366,1441,115,1,3199.99,1/26/2018
1467,152,115,1,3199.99,3/26/2018
1562,88,115,2,3199.99,4/20/2018
1572,14,115,1,3199.99,4/22/2018
1440,859,116,2,749.99,3/15/2018
1530,110,116,1,749.99,4/13/2018
1451,822,117,1,1469.99,3/19/2018
1522,78,117,1,1469.99,4/12/2018
1534,18,117,1,1469.99,4/14/2018
1538,79,117,1,1469.99,4/15/2018
1379,1256,118,1,999.99,2/2/2018
1560,57,118,2,999.99,4/20/2018
1549,17,119,1,469.99,4/17/2018
1556,4,119,2,469.99,4/18/2018
1580,191,119,2,469.99,4/24/2018
1324,862,120,2,2499.99,1/1/2018
1418,364,120,2,2499.99,3/4/2018
1485,51,122,2,2499.99,4/2/2018
1488,181,122,1,2499.99,4/3/2018
1542,58,122,2,2499.99,4/16/2018
1445,515,123,2,999.99,3/17/2018
1460,1131,123,2,999.99,3/21/2018
1474,816,123,1,999.99,3/30/2018
1478,392,123,1,999.99,3/31/2018
1521,53,123,1,999.99,4/12/2018
1558,63,123,1,999.99,4/19/2018
1367,1118,124,1,1499,1/27/2018
1419,474,124,1,1499,3/4/2018
1454,395,124,1,1499,3/20/2018
1464,1279,124,1,1499,3/24/2018
1511,25,124,2,1499,4/9/2018
1519,26,124,2,1499,4/11/2018
1614,135,124,1,1499,11/28/2018
1428,195,126,1,469.99,3/8/2018
1456,754,126,1,469.99,3/20/2018
1555,1,126,1,469.99,4/18/2018
1575,224,126,2,469.99,4/23/2018
1591,165,126,2,469.99,4/27/2018
1397,920,127,2,469.99,2/15/2018
1399,146,127,2,469.99,2/16/2018
1574,124,127,1,469.99,4/23/2018
1366,1441,128,2,1899,1/26/2018
1420,838,128,1,1899,3/4/2018
1444,1154,128,2,1899,3/16/2018
1531,233,128,1,1899,4/13/2018
1555,1,128,2,1899,4/18/2018
1328,1083,129,2,919.99,1/2/2018
1378,983,129,2,919.99,2/2/2018
1573,24,129,1,919.99,4/23/2018
1357,440,130,1,919.99,1/20/2018
1374,1330,130,2,919.99,1/30/2018
1377,1007,130,1,919.99,2/1/2018
1481,62,130,1,919.99,4/1/2018
1367,1118,131,2,2599,1/27/2018
1577,48,131,2,2599,4/23/2018
1367,1118,132,1,1499.99,1/27/2018
1605,123,132,2,1499.99,7/1/2018
1351,1016,133,1,1499.99,1/16/2018
1582,240,133,2,1499.99,4/25/2018
1346,136,134,2,1499.99,1/14/2018
1370,115,134,1,1499.99,1/28/2018
1382,1303,135,1,1499.99,2/6/2018
1385,866,135,1,1499.99,2/8/2018
1521,53,135,2,1499.99,4/12/2018
1352,1433,136,1,1799.99,1/16/2018
1471,1310,136,1,1799.99,3/28/2018
1543,76,136,1,1799.99,4/16/2018
1408,1172,137,2,2599,2/26/2018
1438,263,137,1,2599,3/15/2018
1495,86,137,1,2599,4/5/2018
1510,16,137,1,2599,4/9/2018
1335,955,138,2,2249.99,1/7/2018
1349,464,138,2,2249.99,1/15/2018
1591,165,138,2,2249.99,4/27/2018
1325,68,139,1,2999.99,1/1/2018
1397,920,139,1,2999.99,2/15/2018
1427,999,139,1,2999.99,3/7/2018
1491,82,139,2,2999.99,4/4/2018
1424,1445,140,2,4999.99,3/7/2018
1438,263,140,1,4999.99,3/15/2018
1435,744,141,2,1599.99,3/14/2018
1437,518,141,2,1599.99,3/15/2018
1497,31,141,2,1599.99,4/6/2018
1522,78,141,1,1599.99,4/12/2018
1378,983,142,2,3199.99,2/2/2018
1384,1126,142,2,3199.99,2/8/2018
1476,35,142,2,3199.99,3/31/2018
1510,16,142,2,3199.99,4/9/2018
1541,10,142,2,3199.99,4/16/2018
1329,443,143,1,1099.99,1/4/2018
1365,689,144,1,1549.99,1/25/2018
1511,25,144,2,1549.99,4/9/2018
1331,1122,145,2,1799.99,1/5/2018
1357,440,145,2,1799.99,1/20/2018
1385,866,145,1,1799.99,2/8/2018
1425,126,145,2,1799.99,3/7/2018
1568,192,146,1,4999.99,4/21/2018
1600,90,146,1,4999.99,4/29/2018
1348,1214,147,1,1799.99,1/15/2018
1375,312,147,2,1799.99,1/30/2018
1390,63,147,2,1799.99,2/12/2018
1584,109,147,2,1799.99,4/26/2018
1348,1214,148,1,5499.99,1/15/2018
1447,1419,148,1,5499.99,3/18/2018
1550,39,148,1,5499.99,4/17/2018
1355,1010,149,1,7499.99,1/19/2018
1439,463,149,1,7499.99,3/15/2018
1506,75,149,2,7499.99,4/8/2018
1346,136,150,1,4499.99,1/14/2018
1386,1254,150,1,4499.99,2/9/2018
1519,26,150,1,4499.99,4/11/2018
1327,1026,151,2,1549.99,1/2/2018
1464,1279,151,2,1549.99,3/24/2018
1487,33,151,2,1549.99,4/3/2018
1526,59,151,1,1549.99,4/12/2018
1364,122,152,1,2499.99,1/25/2018
1457,1411,152,2,2499.99,3/20/2018
1337,970,153,1,4999.99,1/9/2018
1361,1084,153,1,4999.99,1/22/2018
1377,1007,153,2,4999.99,2/1/2018
1506,75,153,2,4999.99,4/8/2018
1613,1,153,1,4999.99,11/18/2018
1364,122,155,2,11999.99,1/25/2018
1541,10,155,2,11999.99,4/16/2018
1570,54,155,1,11999.99,4/22/2018
1525,38,156,1,6499.99,4/12/2018
1546,91,156,1,6499.99,4/17/2018
1555,1,156,1,6499.99,4/18/2018
1336,904,157,1,6499.99,1/9/2018
1515,61,158,2,959.99,4/10/2018
1543,76,158,2,959.99,4/16/2018
1549,17,158,1,959.99,4/17/2018
1350,637,159,1,2299.99,1/15/2018
1449,330,159,1,2299.99,3/18/2018
1513,32,159,2,2299.99,4/10/2018
1592,6,159,1,2299.99,4/27/2018
1614,135,159,2,2299.99,11/28/2018
1334,425,160,2,4499.99,1/7/2018
1442,478,160,1,4499.99,3/16/2018
1443,972,160,1,4499.99,3/16/2018
1487,33,160,1,4499.99,4/3/2018
1432,483,161,1,1899,3/11/2018
1475,112,161,2,1899,3/30/2018
1405,100,162,2,2999.99,2/25/2018
1414,293,162,2,2999.99,3/3/2018
1361,1084,163,2,1349,1/22/2018
1466,738,163,2,1349,3/26/2018
1525,38,163,2,1349,4/12/2018
1557,121,163,2,1349,4/19/2018
1345,1037,164,2,1549,1/14/2018
1427,999,164,2,1549,3/7/2018
1394,906,165,2,2499.99,2/14/2018
1464,1279,165,2,2499.99,3/24/2018
1354,476,166,2,749.99,1/19/2018
1408,1172,166,1,749.99,2/26/2018
1513,32,166,1,749.99,4/10/2018
1554,172,166,1,749.99,4/18/2018
1460,1131,167,1,749.99,3/21/2018
1349,464,168,2,1549,1/15/2018
1463,692,168,1,1549,3/23/2018
1524,37,168,1,1549,4/12/2018
1338,905,169,2,6499.99,1/10/2018
1593,9,169,2,6499.99,4/27/2018
1409,21,170,1,1299.99,2/26/2018
1389,491,171,2,3199.99,2/11/2018
1409,21,171,2,3199.99,2/26/2018
1499,120,171,2,3199.99,4/6/2018
1611,6,171,2,3199.99,9/6/2018
1345,1037,172,2,3199.99,1/14/2018
1498,81,172,1,3199.99,4/6/2018
1516,47,172,2,3199.99,4/11/2018
1534,18,172,2,3199.99,4/14/2018
1450,296,173,2,3199.99,3/19/2018
1586,176,173,1,3199.99,4/26/2018
1610,15,173,2,3199.99,8/25/2018
1555,1,174,1,3199.99,4/18/2018
1339,580,175,1,3199.99,1/11/2018
1590,138,175,2,3199.99,4/27/2018
1597,56,176,1,3199.99,4/28/2018
1540,187,177,2,5499.99,4/16/2018
1440,859,178,2,749.99,3/15/2018
1494,69,178,2,749.99,4/5/2018
1332,256,179,2,919.99,1/6/2018
1566,72,179,1,919.99,4/21/2018
1327,1026,180,1,919.99,1/2/2018
1395,1052,180,2,919.99,2/15/2018
1412,1043,180,2,919.99,3/1/2018
1422,599,180,2,919.99,3/5/2018
1601,43,180,1,919.99,4/29/2018
1374,1330,181,2,2199.99,1/30/2018
1396,856,181,1,2199.99,2/15/2018
1561,65,181,2,2199.99,4/20/2018
1375,312,182,1,2499.99,1/30/2018
1469,1135,182,1,2499.99,3/27/2018
1518,175,182,2,2499.99,4/11/2018
1615,136,182,1,2499.99,12/28/2018
1536,34,183,1,2199.99,4/14/2018
1343,594,184,2,3499.99,1/13/2018
1349,464,184,1,3499.99,1/15/2018
1506,75,184,1,3499.99,4/8/2018
1542,58,184,2,3499.99,4/16/2018
1336,904,185,1,2799.99,1/9/2018
1536,34,185,2,2799.99,4/14/2018
1546,91,185,2,2799.99,4/17/2018
1550,39,185,2,2799.99,4/17/2018
1368,765,186,1,4499.99,1/27/2018
1440,859,186,1,4499.99,3/15/2018
1520,66,186,1,4499.99,4/11/2018
1605,123,186,1,4499.99,7/1/2018
1428,195,187,2,2799.99,3/8/2018
1584,109,187,1,2799.99,4/26/2018
1377,1007,188,2,3499.99,2/1/2018
1383,488,188,2,3499.99,2/7/2018
1520,66,188,2,3499.99,4/11/2018
1563,77,188,1,3499.99,4/20/2018
1402,1171,189,2,2799.99,2/19/2018
1326,567,190,2,2799.99,1/1/2018
1438,263,190,2,2799.99,3/15/2018
1593,9,190,2,2799.99,4/27/2018
1476,35,191,1,2799.99,3/31/2018
1585,157,191,1,2799.99,4/26/2018
1611,6,191,1,2799.99,9/6/2018
1356,1161,192,1,2599.99,1/19/2018
1404,1240,193,2,2799.99,2/23/2018
1456,754,193,2,2799.99,3/20/2018
1525,38,193,1,2799.99,4/12/2018
1416,566,194,1,3499.99,3/3/2018
1420,838,194,2,3499.99,3/4/2018
1428,195,194,2,3499.99,3/8/2018
1534,18,194,1,3499.99,4/14/2018
1544,5,194,2,3499.99,4/17/2018
1487,33,196,1,2299.99,4/3/2018
1516,47,196,2,2299.99,4/11/2018
1536,34,196,2,2299.99,4/14/2018
1420,838,197,1,2299.99,3/4/2018
1538,79,197,1,2299.99,4/15/2018
1552,73,197,1,2299.99,4/17/2018
1615,136,197,2,2299.99,12/28/2018
1434,595,198,1,2999.99,3/14/2018
1487,33,198,1,2999.99,4/3/2018
1489,194,198,1,2999.99,4/3/2018
1497,31,198,2,2999.99,4/6/2018
1572,14,198,1,2999.99,4/22/2018
1356,1161,199,2,2999.99,1/19/2018
1366,1441,200,1,3499.99,1/26/2018
1460,1131,201,1,4499.99,3/21/2018
1515,61,202,2,3499.99,4/10/2018
1548,170,202,1,3499.99,4/17/2018
1576,12,202,2,3499.99,4/23/2018
1334,425,203,2,4999.99,1/7/2018
1348,1214,203,1,4999.99,1/15/2018
1402,1171,203,1,4999.99,2/19/2018
1410,1005,203,2,4999.99,2/27/2018
1514,87,203,2,4999.99,4/10/2018
1362,310,204,2,3599.99,1/23/2018
1395,1052,204,1,3599.99,2/15/2018
1497,31,204,2,3599.99,4/6/2018
1547,169,204,1,3599.99,4/17/2018
1578,93,204,2,3599.99,4/23/2018
1333,203,205,2,4999.99,1/6/2018
1349,464,205,2,4999.99,1/15/2018
1410,1005,205,2,4999.99,2/27/2018
1482,94,205,2,4999.99,4/1/2018
1343,594,206,1,3299.99,1/13/2018
1538,79,206,1,3299.99,4/15/2018
1336,904,207,1,3999.99,1/9/2018
1431,308,207,1,3999.99,3/11/2018
1551,70,207,2,3999.99,4/17/2018
1575,224,207,2,3999.99,4/23/2018
1585,157,207,2,3999.99,4/26/2018
1370,115,208,2,1799.99,1/28/2018
1499,120,208,1,1799.99,4/6/2018
1325,68,209,1,2999.99,1/1/2018
1450,296,209,2,2999.99,3/19/2018
1532,7,209,2,2999.99,4/13/2018
1399,146,210,2,1549,2/16/2018
1477,180,210,2,1549,3/31/2018
1501,52,210,1,1549,4/6/2018
1592,6,211,2,1549,4/27/2018
1571,80,212,1,559.99,4/22/2018
1369,92,213,2,269.99,1/28/2018
1530,110,213,2,269.99,4/13/2018
1575,224,213,1,269.99,4/23/2018
1614,135,213,2,269.99,11/28/2018
1381,680,214,2,899.99,2/5/2018
1496,3,214,1,899.99,4/6/2018
1579,104,214,1,899.99,4/24/2018
1615,136,214,1,899.99,12/28/2018
1341,1258,215,2,749.99,1/12/2018
1426,938,215,1,749.99,3/7/2018
1509,2,215,2,749.99,4/9/2018
1546,91,215,1,749.99,4/17/2018
1428,195,216,2,899.99,3/8/2018
1572,14,216,2,899.99,4/22/2018
1573,24,216,2,899.99,4/23/2018
1584,109,216,2,899.99,4/26/2018
1400,987,217,2,909.99,2/17/2018
1503,208,217,1,909.99,4/7/2018
1512,68,217,1,909.99,4/9/2018
1490,217,218,1,319.99,4/3/2018
1417,300,219,2,639.99,3/4/2018
1445,515,219,2,639.99,3/17/2018
1501,52,219,1,639.99,4/6/2018
1404,1240,220,1,269.99,2/23/2018
1442,478,220,1,269.99,3/16/2018
1510,16,220,2,269.99,4/9/2018
1601,43,220,2,269.99,4/29/2018
1430,1239,221,1,319.99,3/10/2018
1559,42,221,1,319.99,4/20/2018
1409,21,222,1,269.99,2/26/2018
1371,937,223,2,529.99,1/29/2018
1391,914,223,2,529.99,2/13/2018
1462,1101,223,1,529.99,3/22/2018
1505,22,223,2,529.99,4/8/2018
1399,146,224,1,479.99,2/16/2018
1496,3,224,2,479.99,4/6/2018
1540,187,224,1,479.99,4/16/2018
1382,1303,225,1,959.99,2/6/2018
1438,263,225,1,959.99,3/15/2018
1480,27,225,2,959.99,4/1/2018
1496,3,225,2,959.99,4/6/2018
1395,1052,226,1,679.99,2/15/2018
1483,15,226,2,679.99,4/2/2018
1517,97,226,2,679.99,4/11/2018
1565,60,226,2,679.99,4/21/2018
1389,491,227,1,319.99,2/11/2018
1425,126,227,2,319.99,3/7/2018
1446,820,227,1,319.99,3/17/2018
1328,1083,228,1,319.99,1/2/2018
1609,10,228,2,319.99,8/23/2018
1380,818,229,2,429.99,2/5/2018
1434,595,229,2,429.99,3/14/2018
1528,20,229,2,429.99,4/12/2018
1330,761,230,2,429.99,1/4/2018
1401,15,230,1,429.99,2/18/2018
1406,1053,230,2,429.99,2/25/2018
1427,999,230,2,429.99,3/7/2018
1493,64,230,1,429.99,4/4/2018
1494,69,230,2,429.99,4/5/2018
1502,83,231,2,529.99,4/6/2018
1608,53,231,2,529.99,7/12/2018
1330,761,232,1,479.99,1/4/2018
1382,1303,232,1,479.99,2/6/2018
1353,502,233,1,639.99,1/17/2018
1446,820,233,2,639.99,3/17/2018
1341,1258,234,2,899.99,1/12/2018
1419,474,234,1,899.99,3/4/2018
1446,820,234,2,899.99,3/17/2018
1452,287,234,1,899.99,3/20/2018
1324,862,235,1,899.99,1/1/2018
1327,1026,235,2,899.99,1/2/2018
1419,474,235,2,899.99,3/4/2018
1450,296,235,2,899.99,3/19/2018
1533,28,235,2,899.99,4/13/2018
1556,4,235,2,899.99,4/18/2018
1365,689,236,1,749.99,1/25/2018
1540,187,236,1,749.99,4/16/2018
1611,6,236,1,749.99,9/6/2018
1340,1066,237,2,849.99,1/12/2018
1469,1135,237,2,849.99,3/27/2018
1537,36,237,2,849.99,4/15/2018
1382,1303,238,1,749.99,2/6/2018
1526,59,238,1,749.99,4/12/2018
1609,10,238,2,749.99,8/23/2018
1448,228,239,1,749.99,3/18/2018
1392,1187,240,2,899.99,2/13/2018
1514,87,240,2,899.99,4/10/2018
1328,1083,241,1,749.99,1/2/2018
1578,93,241,2,749.99,4/23/2018
1416,566,242,2,699.99,3/3/2018
1441,982,242,2,699.99,3/15/2018
1461,139,242,2,699.99,3/22/2018
1549,17,242,2,699.99,4/17/2018
1612,3,242,1,699.99,10/21/2018
1330,761,243,2,679.99,1/4/2018
1418,364,243,2,679.99,3/4/2018
1422,599,243,1,679.99,3/5/2018
1526,59,243,1,679.99,4/12/2018
1343,594,244,1,559.99,1/13/2018
1436,1044,244,2,559.99,3/14/2018
1415,839,245,1,659.99,3/3/2018
1550,39,245,1,659.99,4/17/2018
1606,119,245,1,659.99,7/10/2018
1456,754,246,1,639.99,3/20/2018
1589,40,246,2,639.99,4/27/2018
1328,1083,247,1,599.99,1/2/2018
1598,239,247,1,599.99,4/29/2018
1475,112,248,2,599.99,3/30/2018
1496,3,248,1,599.99,4/6/2018
1501,52,248,1,599.99,4/6/2018
1541,10,248,2,599.99,4/16/2018
1590,138,248,1,599.99,4/27/2018
1346,136,249,1,749.99,1/14/2018
1397,920,249,1,749.99,2/15/2018
1423,1231,249,1,749.99,3/6/2018
1549,17,249,2,749.99,4/17/2018
1350,637,250,1,2599.99,1/15/2018
1388,323,251,1,2999.99,2/9/2018
1462,1101,251,1,2999.99,3/22/2018
1466,738,251,1,2999.99,3/26/2018
1510,16,251,2,2999.99,4/9/2018
1553,30,251,1,2999.99,4/18/2018
1431,308,252,1,2999.99,3/11/2018
1449,330,252,2,2999.99,3/18/2018
1470,505,252,2,2999.99,3/28/2018
1479,23,252,1,2999.99,4/1/2018
1518,175,252,2,2999.99,4/11/2018
1524,37,252,2,2999.99,4/12/2018
1569,29,252,1,2999.99,4/22/2018
1331,1122,253,1,2599.99,1/5/2018
1340,1066,253,1,2599.99,1/12/2018
1350,637,253,1,2599.99,1/15/2018
1355,1010,253,1,2599.99,1/19/2018
1516,47,253,1,2599.99,4/11/2018
1558,63,253,1,2599.99,4/19/2018
1401,15,254,2,749.99,2/18/2018
1431,308,254,1,749.99,3/11/2018
1455,405,254,1,749.99,3/20/2018
1490,217,254,1,749.99,4/3/2018
1380,818,255,2,899.99,2/5/2018
1502,83,255,1,899.99,4/6/2018
1479,23,256,1,899.99,4/1/2018
1325,68,257,1,899.99,1/1/2018
1358,253,257,2,899.99,1/21/2018
1602,55,257,2,899.99,4/30/2018
1459,9,258,1,1259.9,3/21/2018
1507,85,259,1,1199.99,4/8/2018
1516,47,259,2,1199.99,4/11/2018
1435,744,260,1,799.99,3/14/2018
1449,330,260,2,799.99,3/18/2018
1498,81,260,2,799.99,4/6/2018
1589,40,260,1,799.99,4/27/2018
1475,112,261,2,899.99,3/30/2018
1565,60,261,1,899.99,4/21/2018
1386,1254,262,1,249.99,2/9/2018
1346,136,263,2,89.99,1/14/2018
1379,1256,263,2,89.99,2/2/2018
1425,126,263,1,89.99,3/7/2018
1439,463,263,1,89.99,3/15/2018
1462,1101,263,1,89.99,3/22/2018
1520,66,263,2,89.99,4/11/2018
1573,24,263,2,89.99,4/23/2018
1415,839,264,2,249.99,3/3/2018
1433,1142,264,1,249.99,3/11/2018
1494,69,264,2,249.99,4/5/2018
1409,21,265,1,289.99,2/26/2018
1476,35,265,2,289.99,3/31/2018
1519,26,265,2,289.99,4/11/2018
1556,4,265,1,289.99,4/18/2018
1583,44,265,2,289.99,4/25/2018
1591,165,265,1,289.99,4/27/2018
1407,18,266,1,399.99,2/26/2018
1393,547,268,2,159.99,2/14/2018
1456,754,268,2,159.99,3/20/2018
1457,1411,268,1,159.99,3/20/2018
1499,120,268,2,159.99,4/6/2018
1502,83,268,1,159.99,4/6/2018
1326,567,269,2,199.99,1/1/2018
1468,3,269,1,199.99,3/27/2018
1486,84,269,1,199.99,4/2/2018
1534,18,269,2,199.99,4/14/2018
1342,1393,270,1,209.99,1/12/2018
1442,478,271,2,209.99,3/16/2018
1516,47,271,2,209.99,4/11/2018
1592,6,271,2,209.99,4/27/2018
1604,7,271,1,209.99,6/17/2018
1606,119,271,1,209.99,7/10/2018
1456,754,272,1,289.99,3/20/2018
1581,188,272,1,289.99,4/25/2018
1402,1171,273,1,289.99,2/19/2018
1381,680,274,2,229.99,2/5/2018
1533,28,274,2,229.99,4/13/2018
1400,987,275,1,229.99,2/17/2018
1602,55,275,2,229.99,4/30/2018
1603,74,275,2,229.99,4/30/2018
1356,1161,276,2,319.99,1/19/2018
1485,51,276,1,319.99,4/2/2018
1504,237,276,1,319.99,4/8/2018
1391,914,277,1,369.99,2/13/2018
1586,176,277,1,369.99,4/26/2018
1467,152,278,2,369.99,3/26/2018
1567,89,279,1,319.99,4/21/2018
1483,15,280,1,489.99,4/2/2018
1426,938,281,1,319.99,3/7/2018
1430,1239,281,1,319.99,3/10/2018
1507,85,281,1,319.99,4/8/2018
1330,761,282,1,279.99,1/4/2018
1352,1433,282,2,279.99,1/16/2018
1359,1008,282,1,279.99,1/21/2018
1489,194,282,2,279.99,4/3/2018
1577,48,282,2,279.99,4/23/2018
1329,443,283,2,319.99,1/4/2018
1372,1013,283,2,319.99,1/29/2018
1454,395,283,1,319.99,3/20/2018
1613,1,283,2,319.99,11/18/2018
1554,172,285,1,279.99,4/18/2018
1434,595,286,2,279.99,3/14/2018
1579,104,286,1,279.99,4/24/2018
1591,165,286,2,279.99,4/27/2018
1470,505,287,1,279.99,3/28/2018
1511,25,288,1,389.99,4/9/2018
1612,3,289,2,319.99,10/21/2018
1331,1122,290,1,369.99,1/5/2018
1386,1254,292,1,369.99,2/9/2018
1414,293,292,2,369.99,3/3/2018
1495,86,292,2,369.99,4/5/2018
1500,151,293,1,319.99,4/6/2018
1507,85,293,2,319.99,4/8/2018
1576,12,293,1,319.99,4/23/2018
1612,3,293,2,319.99,10/21/2018
1462,1101,294,1,369.99,3/22/2018
1391,914,295,2,319.99,2/13/2018
1458,1029,295,2,319.99,3/20/2018
1484,35,295,2,319.99,4/2/2018
1524,37,295,2,319.99,4/12/2018
1586,176,295,1,319.99,4/26/2018
1600,90,295,1,319.99,4/29/2018
1332,256,296,1,369.99,1/6/2018
1351,1016,297,2,279.99,1/16/2018
1355,1010,297,1,279.99,1/19/2018
1413,56,297,2,279.99,3/1/2018
1542,58,297,1,279.99,4/16/2018
1561,65,297,2,279.99,4/20/2018
1332,256,298,1,279.99,1/6/2018
1421,1176,298,2,279.99,3/5/2018
1577,48,298,2,279.99,4/23/2018
1450,296,299,1,559.99,3/19/2018
1331,1122,300,1,799.99,1/5/2018
1353,502,300,1,799.99,1/17/2018
1407,18,300,1,799.99,2/26/2018
1472,114,300,1,799.99,3/29/2018
1577,48,300,2,799.99,4/23/2018
1587,231,300,2,799.99,4/26/2018
1409,21,301,2,899.99,2/26/2018
1474,816,301,1,899.99,3/30/2018
1568,192,301,1,899.99,4/21/2018
1605,123,301,1,899.99,7/1/2018
1423,1231,302,1,449.99,3/6/2018
1491,82,302,1,449.99,4/4/2018
1496,3,302,1,449.99,4/6/2018
1503,208,302,2,449.99,4/7/2018
1517,97,303,2,2599.99,4/11/2018
1333,203,304,2,679.99,1/6/2018
1410,1005,304,1,679.99,2/27/2018
1484,35,304,2,679.99,4/2/2018
1518,175,304,2,679.99,4/11/2018
1572,14,304,2,679.99,4/22/2018
1350,637,305,1,749.99,1/15/2018
1386,1254,306,1,899.99,2/9/2018
1390,63,306,1,899.99,2/12/2018
1475,112,306,2,899.99,3/30/2018
1538,79,306,2,899.99,4/15/2018
1361,1084,307,2,749.99,1/22/2018
1372,1013,307,1,749.99,1/29/2018
1411,109,308,2,749.99,3/1/2018
1480,27,308,2,749.99,4/1/2018
1495,86,308,2,749.99,4/5/2018
1564,46,309,1,899.99,4/21/2018
1466,738,310,2,899.99,3/26/2018
1515,61,310,2,899.99,4/10/2018
1520,66,310,2,899.99,4/11/2018
1578,93,310,1,899.99,4/23/2018
1328,1083,311,1,749.99,1/2/2018
1523,8,311,2,749.99,4/12/2018
1571,80,312,2,699.99,4/22/2018
1355,1010,313,2,449.99,1/19/2018
1524,37,313,1,449.99,4/12/2018
1585,157,313,1,449.99,4/26/2018
1521,53,314,2,679.99,4/12/2018
1550,39,315,2,559.99,4/17/2018
